market_rent,rent_latest,rent_12mo_ago,size_rank,rent_growth_pct,metro_key,market_home,home_value_latest,home_value_12mo_ago,size_rank_hv,home_value_growth_pct,census_market,population_growth_pct,population_end,acs_market,income_latest,income_growth_annualized_pct,market_display,rent_to_value,growth_score,value_score,balanced_score,affordability_gap
"Boise City, ID",1794.3527533235515,1720.9227722650546,79,4.266895774866722,boise city,"Boise City, ID",488569.9782549433,485514.9985077279,79,0.6292245876244992,"Boise City, ID",7.0673038847191005,824657.0,"Boise City, ID Metro Area",85987.0,7.260029676746371,"Boise City, ID",0.044071952838344,4.987747040351284,4.835294736937759,4.719114866109834,6.630805089121872
"Syracuse, NY",1619.196972641321,1524.2607668913522,91,6.2283441135591335,syracuse,"Syracuse, NY",254402.043028522,240608.2843705009,91,5.73286937900307,"Syracuse, NY",-1.0006731801393665,652956.0,"Syracuse, NY Metro Area",75492.0,4.58356544992351,"Syracuse, NY",0.07637660232751134,3.9108001773143903,5.48191950013981,4.565887393059896,-1.1493039290795597
"Provo, UT",1742.6751761644548,1705.9874827382655,92,2.1505253583280814,provo,"Provo, UT",542078.1389108676,530107.6168039724,92,2.258130562066944,"Provo-Orem-Lehi, UT",8.407139917147113,732197.0,"Provo-Orem-Lehi, UT Metro Area",100704.0,6.245350950444739,"Provo, UT",0.03857765257973625,4.759906436809776,4.482259856182815,4.498420414209823,3.987220388377795
"Winston, NC",1508.340138181601,1446.363106137069,89,4.285025785126644,winston,"Winston, NC",280078.4807090881,273447.2471786535,89,2.4250503886412025,"Winston-Salem, NC",2.7315125218937464,695630.0,"Winston-Salem, NC Metro Area",65975.0,5.3774303586467065,"Winston, NC",0.06462503514141597,3.7977535334013464,5.009726920077904,4.147430627239231,2.952379970005504
"Grand Rapids, MI",1619.7125847698917,1556.3294877804817,53,4.0726014309349186,grand rapids,"Grand Rapids, MI",350806.2062296981,334366.0112803306,53,4.9168259914983174,"Grand Rapids-Wyoming-Kentwood, MI",0.9941797756321744,1162950.0,"Grand Rapids-Wyoming-Kentwood, MI Metro Area",82874.0,5.535889252593074,"Grand Rapids, MI",0.055405379585879364,3.837662884636451,4.575325249388428,4.138610055466633,0.6190632610947562
"Springfield, MA",1913.2097908931016,1816.5103200253984,85,5.323364794665805,springfield,"Springfield, MA",366073.654773456,358335.07619139133,85,2.1595928214215294,"Springfield, MO",3.0820515942406232,491053.0,"Springfield, IL Metro Area",75895.0,3.9491111710041604,"Springfield, MA",0.06271556882432595,3.786718693995243,4.8913390132234085,4.109725848364603,1.789518349582631
"Chicago, IL",2179.817593148377,2064.9745603312463,3,5.5614744618795,chicago,"Chicago, IL",344686.99214684305,330914.28733352735,3,4.162015766769915,"Chicago-Naperville-Elgin, IL-IN",-1.8271121904244494,9262825.0,"Chicago-Naperville-Elgin, IL-IN Metro Area",90887.0,4.836319192539373,"Chicago, IL",0.07588859374953381,3.2531472424465635,5.116790515005177,3.96294207548985,0.674303425769458
"Lakeland, FL",1834.1885554136516,1834.9261279309349,82,-0.04019630578343691,lakeland,"Lakeland, FL",298009.1621030402,309830.319756302,82,-3.8153650238491053,"Lakeland-Winter Haven, FL",12.075742510525119,818330.0,"Lakeland-Winter Haven, FL Metro Area",65978.0,5.457432961840469,"Lakeland, FL",0.07385767105158166,3.608161971586545,5.566005569923586,3.8413780790311627,9.272797985689575
"Columbia, SC",1550.5894812573854,1511.5777234273182,72,2.5808635060863923,columbia,"Columbia, MO",318020.13295989035,310508.3108277069,219,2.4192016349448338,"Columbia, SC",3.3928134753661148,858302.0,"Columbia, MO Metro Area",72340.0,5.707769729865708,"Columbia, SC",0.05850910633206799,3.53324518012284,4.627046955135275,3.8268094395379495,3.2885680949208744
"Charleston, SC",1987.2381455613408,1928.6435620522395,75,3.0381240298623,charleston,"Charleston, SC",430380.8941557125,433929.3225301044,75,-0.8177433950999445,"Charleston-North Charleston, SC",5.717912816204612,849417.0,"Charleston-North Charleston, SC Metro Area",85254.0,6.019227627292811,"Charleston, SC",0.05540872764232944,3.6821736408130565,4.627908075398788,3.774541331780012,6.836971022392756
"Hartford, CT",1931.1910957081727,1877.5656516578413,49,2.856115524002135,hartford,"Hartford, CT",389416.08129060426,370646.2943580856,49,5.06406976630527,"Hartford-West Hartford-East Hartford, CT",1.394641561533639,1151543.0,"Hartford-West Hartford-East Hartford, CT Metro Area",95118.0,4.109710562126079,"Hartford, CT",0.059510365036014284,3.2457366413766238,4.438443550400448,3.7203687345337455,-0.9543592041791911
"Harrisburg, PA",1445.832280911996,1400.8093620467769,99,3.2140646746845194,harrisburg,"Harrisburg, PA",306956.080254164,296340.3677348082,99,3.5822701444629725,"Harrisburg-Carlisle, PA",2.237205904928027,606055.0,"Harrisburg-Carlisle, PA Metro Area",80919.0,4.505645259225699,"Harrisburg, PA",0.056522703041353387,3.3663862223363816,4.395286027132936,3.7163809760147704,0.9233751147627265
"Virginia Beach, VA",1819.3044546157373,1716.570034758375,38,5.984866202783465,virginia beach,"Virginia Beach, VA",369237.9758106419,361836.7672245274,38,2.045455093711334,"Virginia Beach-Chesapeake-Norfolk, VA-NC",0.3062784557773647,1787169.0,"Virginia Beach-Chesapeake-Norfolk, VA-NC Metro Area",82330.0,4.282073654950458,"Virginia Beach, VA",0.05912624075965816,3.351638907259262,4.451209090582443,3.70987160297857,2.236618561239124
"Akron, OH",1259.422335600907,1206.478946239395,83,4.3882563824704,akron,"Akron, OH",235211.8125717086,226456.8285820672,83,3.8660719769236915,"Akron, OH",-0.4668834815028062,698398.0,"Akron, OH Metro Area",72371.0,4.786354415616789,"Akron, OH",0.06425301459978074,3.1695590436543544,4.58415195217016,3.6979678968218455,0.9202824386930977
"Wichita, KS",1173.0530754530755,1119.9885134151166,94,4.737955916722057,wichita,"Wichita, KS",220488.0679961564,214599.1334347635,94,2.7441557974338675,"Wichita, KS",0.6804661648106629,652939.0,"Wichita, KS Metro Area",70655.0,4.250461241684711,"Wichita, KS",0.06384307791967361,3.202949786127234,4.597686584611314,3.6771517887614666,1.5063054442508435
"Providence, RI",2127.3318326062013,2028.3066831371468,39,4.882158614982916,providence,"Providence, RI",514315.2176474589,499966.0730888853,39,2.87002365378952,"Providence-Warwick, RI-MA",0.27414272873317014,1677803.0,"Providence-Warwick, RI-MA Metro Area",87040.0,5.117441261700795,"Providence, RI",0.04963489532361602,3.3865483128612697,4.0616340457542055,3.617384612444666,2.2474176079112747
"Allentown, PA",1809.255419192313,1747.1264248207658,70,3.556067465347898,allentown,"Allentown, PA",357470.0893738984,347449.1303151787,70,2.8841514294853625,"Allentown-Bethlehem-Easton, PA-NJ",1.3925950343389932,873555.0,"Allentown-Bethlehem-Easton, PA-NJ Metro Area",84587.0,4.569395258342568,"Allentown, PA",0.06073533332071012,3.134148098671832,4.44921380608491,3.569275210581011,1.6852438288572054
"New Haven, CT",2088.849338798614,2040.336147913923,68,2.377705797855508,new haven,"New Haven, CT",397332.86244724976,379960.30902418384,68,4.572202151241063,"New Haven, CT",0.7236613505981464,568158.0,"New Haven, CT Metro Area",88197.0,4.758462200107427,"New Haven, CT",0.06308612862071326,2.998283057281258,4.475070405340366,3.5515835191639034,0.18626004886636416
"Buffalo, NY",1373.7361692214224,1320.8858425132132,50,4.001127501499473,buffalo,"Buffalo, NY",278777.30821441393,267185.2114776719,50,4.338599682456877,"Buffalo-Cheektowaga, NY",-0.7612059756043104,1155604.0,"Buffalo-Cheektowaga, NY Metro Area",72237.0,4.625074938910156,"Buffalo, NY",0.0591326250197459,3.034025427767679,4.274577563855051,3.5277649798236017,0.2864752564532793
"Richmond, VA",1690.906071815458,1631.8941842261806,45,3.6161589495007584,richmond,"Richmond, VA",391101.78957448015,383881.197441924,45,1.8809444642436577,"Richmond, VA",2.512900202484191,1349732.0,"Richmond, VA Metro Area",86679.0,4.811249774534065,"Richmond, VA",0.051881309169825134,3.292074071953523,4.163799698044349,3.5232782631749497,2.9303053102904077
"Tulsa, OK",1350.049102641662,1318.777549271087,56,2.3712530887304983,tulsa,"Tulsa, OK",250274.8652438059,243918.18871980635,56,2.606069091182693,"Tulsa, OK",2.6939597975131466,1044757.0,"Tulsa, OK Metro Area",69359.0,4.469310898823342,"Tulsa, OK",0.06473118751225018,3.0234074189398106,4.603688914929576,3.517649042370214,1.863241807640649
"Cincinnati, OH",1549.064240175312,1494.5149922233306,28,3.6499632479986492,cincinnati,"Cincinnati, OH",305194.83921496774,297607.65928626055,28,2.549390007939713,"Cincinnati, OH-KY-IN",0.8661290050417989,2271479.0,"Cincinnati, OH-KY-IN Metro Area",81120.0,4.859368667825614,"Cincinnati, OH",0.06090788078172749,3.0362413942043904,4.402112774101618,3.4810865598869998,2.309978659885901
"Toledo, OH",1197.2019394255212,1144.0321224807883,93,4.6475807715465445,toledo,"Toledo, OH",197171.54671407244,192481.6212678404,93,2.436557534865076,"Toledo, OH",-0.9277586374824395,600141.0,"Toledo, OH Metro Area",65486.0,4.479453584976967,"Toledo, OH",0.07286255807456675,2.7695094753106106,4.752362224698172,3.452484060477058,2.042896050111891
"Oklahoma City, OK",1379.2916590501306,1341.4305311974058,42,2.8224441722620357,oklahoma city,"Oklahoma City, OK",244630.2918448738,242061.7228189972,42,1.0611215172575101,"Oklahoma City, OK",3.3558051386771472,1477926.0,"Oklahoma City, OK Metro Area",72094.0,4.060485202240738,"Oklahoma City, OK",0.06765924115030401,2.913030140359584,4.68658818046642,3.4159820319551484,2.9993636849832277
"Milwaukee, WI",1503.898724650894,1451.1699191597063,41,3.633537657789944,milwaukee,"Milwaukee, WI",379291.409236208,360443.26959561225,41,5.229155662066274,"Milwaukee-Waukesha, WI",-0.8924874053335841,1560424.0,"Milwaukee-Waukesha, WI Metro Area",78218.0,4.626027594130022,"Milwaukee, WI",0.04758026218456187,3.0692774769493476,3.7690890414998695,3.4146275173884564,-0.6031280679362521
"Kansas City, MO",1503.3240640764095,1456.915110831978,31,3.185426034735102,kansas city,"Kansas City, MO",323088.455147229,313483.8649472716,31,3.063822822770458,"Kansas City, MO-KS",1.1900868159790963,2221343.0,"Kansas City, MO-KS Metro Area",83460.0,4.606604742817999,"Kansas City, MO",0.05583575792176254,3.0175652646738964,4.16630902778619,3.405995753823724,1.542781920047541
"Little Rock, AR",1209.303280750517,1178.9404647568429,81,2.575432509218048,little rock,"Little Rock, AR",227427.75653036404,221153.61075721437,81,2.8370080649678044,"Little Rock-North Little Rock-Conway, AR",2.010040187452436,764045.0,"Little Rock-North Little Rock-Conway, AR Metro Area",67154.0,4.170296106103022,"Little Rock, AR",0.06380768816610449,2.8851154391478397,4.468412094387508,3.4044423215007322,1.3332880411352175
"Ogden, UT",1640.7230184509788,1610.2378918394606,87,1.8932063868335218,ogden,"Ogden, UT",515981.2047466151,502635.5264292078,87,2.6551402787257805,"Ogden, UT",2.9714882944452006,658133.0,"Ogden, UT Metro Area",101203.0,6.158470071346933,"Ogden, UT",0.03815773915850353,3.3814795632432464,3.6360870028990857,3.402687412989516,3.5033297926211526
"Greenville, SC",1551.0590318388563,1544.1801900368553,61,0.4454688543722903,greenville,"Greenville, SC",310898.0151014505,305591.1555557797,61,1.736588068466574,"Greenville-Anderson-Greer, SC",4.804450546971192,975480.0,"Greenville-Anderson-Greer, SC Metro Area",71240.0,5.354348521048391,"Greenville, SC",0.059867569035436524,3.0206580370098974,4.458339601800082,3.3884581764218518,3.617760452581817
"Knoxville, TN",1730.9390785480855,1716.5398131076424,65,0.838854148938991,knoxville,"Knoxville, TN",361803.8791881092,357155.8849456156,65,1.301390915958543,"Knoxville, TN",4.456140660738098,946264.0,"Knoxville, TN Metro Area",72422.0,5.798210880322507,"Knoxville, TN",0.05741029916314861,3.075522313138557,4.3775834074374815,3.3820165160858067,4.496819964363964
"Indianapolis, IN",1513.5063950599276,1475.2721367167603,34,2.5916749453601295,indianapolis,"Indianapolis, IN",290744.5746756315,287108.6417250039,34,1.2663962076453703,"Indianapolis-Carmel-Greenwood, IN",2.184833794848393,2138468.0,"Indianapolis-Carmel-Greenwood, IN Metro Area",79852.0,5.343738266165987,"Indianapolis, IN",0.06246746568179857,2.912924740390708,4.455712627401649,3.343924375298961,4.077342058520617
"Deltona, FL",1784.1658223017291,1773.835478131257,90,0.5823732977398263,deltona,"Deltona, FL",328408.44934261,340788.091092959,90,-3.6326509270454785,"Deltona-Daytona Beach-Ormond Beach, FL",7.441456138992921,721796.0,"Deltona-Daytona Beach-Ormond Beach, FL Metro Area",71277.0,7.194558072578028,"Deltona, FL",0.06519317609056068,3.1071853568055894,4.8531859577673,3.324163622698461,10.827208999623506
"Omaha, NE",1411.7868121280287,1363.9563844700192,59,3.5067417259529576,omaha,"Omaha, NE",304632.4245030368,298929.0595791356,59,1.9079325817071668,"Omaha, NE-IA",1.529490912617913,983969.0,"Omaha, NE-IA Metro Area",84829.0,4.557238644005035,"Omaha, NE",0.0556127331920554,2.9552914232830574,4.132386944199595,3.309808857035093,2.6493060622978684
"Greensboro, NC",1427.8279983059226,1386.423106511873,76,2.9864542504792086,greensboro,"Greensboro, NC",263849.83086342533,261701.4455789074,76,0.820929849953827,"Greensboro-High Point, NC",1.9228560625905715,789842.0,"Greensboro-High Point, NC Metro Area",65565.0,5.197693089700106,"Greensboro, NC",0.06493821096493325,2.840259533207197,4.520362988832863,3.3089825275427023,4.376763239746279
"Fresno, CA",1999.3400980599752,1943.1569326398264,57,2.89133442988686,fresno,"Fresno, CA",409963.1223301206,407254.0846353935,57,0.6651959543026851,"Fresno, CA",1.2113419967630072,1180020.0,"Fresno, CA Metro Area",74468.0,6.651032390151501,"Fresno, CA",0.05852253500352699,2.966033116555222,4.313089993109188,3.3061857007680584,5.985836435848816
"Palm Bay, FL",1894.5301951360689,1864.098053817563,97,1.6325397291297377,palm bay,"Palm Bay, FL",341313.1011878468,352163.7132146396,97,-3.0811272199925543,"Palm Bay-Melbourne-Titusville, FL",5.782760461582686,643979.0,"Palm Bay-Melbourne-Titusville, FL Metro Area",78476.0,6.688090724649687,"Palm Bay, FL",0.06660852531740535,2.9912492712985035,4.804779554588302,3.285207605291479,9.769217944642241
"Louisville, KY",1371.3713558427746,1339.5813408503898,46,2.3731306209598277,louisville,"Louisville, KY",277723.5848229106,271277.9629786346,46,2.3760211752930616,,1.3925950343389932,,,,5.190157614574709,"Louisville, KY",0.05925480286669457,2.832831583574986,4.247450737011591,3.2738594630817284,2.814136439281647
"Philadelphia, PA",1868.832651986005,1808.0784217438331,7,3.360154599023219,philadelphia,"Philadelphia, PA",383957.83059877664,373920.1232399102,7,2.6844523027786313,"Philadelphia-Camden-Wilmington, PA-NJ-DE-MD",0.06717433783292992,6246160.0,"Philadelphia-Camden-Wilmington, PA-NJ-DE-MD Metro Area",91289.0,4.762146212056773,"Philadelphia, PA",0.0584074344540885,2.7522669777351174,4.125201053048784,3.218904737100799,2.0776939092781412
"St. Louis, MO",1415.989568522473,1364.3489907178323,21,3.784997691644191,st louis,"St. Louis, MO",270704.4865033018,263559.72832673404,21,2.7108686983128387,"St. Louis, MO-IL",-0.787915204674214,2796999.0,"St. Louis, MO-IL Metro Area",80196.0,4.711851170363324,"St. Louis, MO",0.0627690920152608,2.6586570385781023,4.252036059118016,3.2147467359403494,2.000982472050485
"Bridgeport, CT",2766.550759286882,2712.053542951267,60,2.009444705738038,bridgeport,"Bridgeport, CT",674486.495616743,640946.1569915239,60,5.232941684626189,"Bridgeport-Stamford-Danbury, CT",0.9337526716909483,951558.0,"Bridgeport-Stamford-Danbury, CT Metro Area",114565.0,3.6759294751108174,"Bridgeport, CT",0.049220569021305824,2.8018422853470906,3.7310888023023514,3.2091944780396875,-1.5570122095153716
"Madison, WI",1673.1994360400815,1626.7743083703388,88,2.853814904186082,madison,"Madison, WI",443055.9358589337,429918.7158646071,88,3.055745076812127,"Madison, WI",1.8247490108549325,694345.0,"Madison, WI Metro Area",88804.0,4.176554689185341,"Madison, WI",0.04531796463477202,2.967619411628318,3.673150706879907,3.2046329509385805,1.1208096123732143
"New York, NY",3337.13988779536,3202.101188402823,1,4.217190258746731,new york,"New York, NY",715583.951353278,687072.3507493674,1,4.1497231802173316,"New York-Newark-Jersey City, NY-NJ",-2.4626539734005277,19498249.0,"New York-Newark-Jersey City, NY-NJ Metro Area",99155.0,4.709828112934411,"New York, NY",0.05596223696438672,2.6568952485509563,3.902927641161228,3.1731105831027264,0.5601049327170795
"Des Moines, IA",1268.0793185967866,1245.2222559888194,84,1.8355809573783002,des moines,"Des Moines, IA",290939.66544689325,286845.5151436768,84,1.427301487062043,"Des Moines-West Des Moines, IA",3.6507311586051743,737164.0,"Des Moines-West Des Moines, IA Metro Area",85890.0,4.138833118963969,"Des Moines, IA",0.05230277487185421,2.7835256540181845,3.9401268031817605,3.0868100153486258,2.7115316319019263
"Pittsburgh, PA",1478.5450759029336,1422.435563740758,27,3.944608359946891,pittsburgh,"Pittsburgh, PA",224487.2591324515,221606.41402054208,27,1.299982730482867,"Pittsburgh, PA",-1.3276460978861029,2422725.0,"Pittsburgh, PA Metro Area",75762.0,4.589714336535899,"Pittsburgh, PA",0.07903584808956479,2.2588961137430896,4.767612926868206,3.0841000051567273,3.2897316060530324
"Cleveland, OH",1418.9251664691158,1356.874857160372,35,4.573031107570299,cleveland,"Cleveland, TN",308473.08157988515,305820.53543072706,334,0.867353837250388,"Cleveland, OH",-1.1530070532000376,2158932.0,"Cleveland, TN Metro Area",66135.0,5.7863460027332225,"Cleveland, OH",0.05519801569207551,2.7037148371044633,3.9516015984339594,3.071366569630422,4.918992165482835
"Minneapolis, MN",1681.2579918505862,1622.5171141739863,16,3.6203548895386857,minneapolis,"Minneapolis, MN",386374.1840177592,379073.8092049751,16,1.9258452141800795,"Minneapolis-St. Paul-Bloomington, MN-WI",0.4847170390518538,3712020.0,"Minneapolis-St. Paul-Bloomington, MN-WI Metro Area",99833.0,4.4193368077665385,"Minneapolis, MN",0.052216469776561754,2.6972889714022195,3.820986971816848,3.054315581232792,2.4934915935864588
"McAllen, TX",1103.028262080262,1098.3029693753344,67,0.43023581258412985,mcallen,"McAllen, TX",193560.98398714853,193197.6769159393,67,0.18804939945904242,"McAllen-Edinburg-Mission, TX",2.9346192269973512,898471.0,"McAllen-Edinburg-Mission, TX Metro Area",54338.0,6.311032563864583,"McAllen, TX",0.06838330159471587,2.478093571382531,4.547436652225028,3.0200487151309656,6.12298316440554
"El Paso, TX",1472.7362460527977,1443.9599156515656,69,1.992875985636156,el paso,"El Paso, TX",230500.1377258557,227343.0696605256,69,1.3886801432057325,"El Paso, TX",0.4057245212128737,873331.0,"El Paso, TX Metro Area",59751.0,5.009634120909379,"El Paso, TX",0.07667168934038851,2.2294384848625564,4.7003292288018175,3.0091020935804638,3.620953977703646
"Spokane, WA",1520.2836228925346,1491.2035975380538,100,1.9501042917607818,spokane,"Spokane, WA",416800.1733597983,414701.1941126934,100,0.5061425616571799,"Spokane-Spokane Valley, WA",2.1311202077017044,600292.0,"Spokane-Spokane Valley, WA Metro Area",77488.0,6.555450707356103,"Spokane, WA",0.04377014368216683,2.8579025286241224,3.615772002886014,2.9826209235156953,6.049308145698923
"Worcester, MA",2139.527678119612,2091.8372984660277,58,2.2798321690007337,worcester,"Worcester, MA",472894.6395856258,465714.4571258871,58,1.541756402421026,"Worcester, MA",0.83718268310245,866866.0,"Worcester, MA Metro Area",95939.0,5.499489733422247,"Worcester, MA",0.05429186543525318,2.5764690353155997,3.8897852726573108,2.960021787568126,3.9577333310012213
"Charlotte, NC",1726.3878965136255,1718.475777584533,23,0.46041492305545484,charlotte,"Charlotte, NC",387279.0120355676,389691.2513882686,23,-0.6190129606726957,"Charlotte-Concord-Gastonia, NC-SC",5.074221312074125,2805115.0,"Charlotte-Concord-Gastonia, NC-SC Metro Area",83304.0,5.673573663000253,"Charlotte, NC",0.05349284137365258,2.701270628550692,4.026508050466571,2.943252754248989,6.292586623672949
"Dayton, OH",1320.887057708024,1281.6045026709917,74,3.0651074457965453,dayton,"Dayton, TN",261349.99421178192,258561.3054060373,797,1.0785406584196067,"Dayton-Kettering-Beavercreek, OH",0.018914062605547226,814363.0,"Dayton-Kettering-Beavercreek, OH Metro Area",71739.0,5.216295396497772,"Dayton, OH",0.06064911055498973,2.4440427301987144,4.082111576551478,2.9387635432785673,4.137754738078165
"Detroit, MI",1473.3170913555934,1439.8213597439849,14,2.326381073938537,detroit,"Detroit, MI",262839.8217654431,255116.5363680326,14,3.0273558536671348,"Detroit-Warren-Dearborn, MI",-0.9792832697261363,4342304.0,"Detroit-Warren-Dearborn, MI Metro Area",76664.0,4.682747760158046,"Detroit, MI",0.06726456051261703,2.2292516155229656,4.234117643090047,2.936727744993698,1.655391906490911
"Jacksonville, FL",1679.411866832154,1668.8709430993422,40,0.631620064834712,jacksonville,"Jacksonville, FL",348911.573357303,357012.3537160556,40,-2.2690476322271524,"Jacksonville, FL",6.215758276135925,1713240.0,"Jacksonville, FL Metro Area",79643.0,5.230132405772503,"Jacksonville, FL",0.05775945523408656,2.59714916348209,4.183897334322651,2.8596654546562315,7.499180037999656
"Albany, NY",1643.1499277717587,1579.3864262873285,64,4.037232460856295,albany,"Albany, OR",409113.7143227221,406305.0056179239,330,0.6912808520600433,"Albany-Schenectady-Troy, NY",0.5510578799720803,904682.0,"Albany-Schenectady-Troy, NY Metro Area",88074.0,4.320560881033297,"Albany, NY",0.048196377786805425,2.5673305989202415,3.5742927688914996,2.844833704629239,3.629280028973254
United States,1910.4249941685807,1875.848731532796,0,1.8432329885966774,united states,United States,366018.81522011664,364397.6998965514,0,0.4448752898345619,,1.3925950343389932,,,,5.190157614574709,United States,0.06263366520170897,2.287633116774341,4.126900308686917,2.8058388129244567,4.745282324740146
"Columbus, OH",1513.553430555177,1488.2461322575805,32,1.7004780156362278,columbus,"Columbus, OH",326730.1088525419,322982.6741664121,32,1.160258733940318,"Columbus, OH",1.7916844663253801,2180271.0,"Columbus, OH Metro Area",81945.0,4.6939553724049565,"Columbus, OH",0.055589125931639165,2.363605111161516,3.8454542184727796,2.7881361074177753,3.5336966384646384
"Durham, NC",1684.4096382150058,1664.1748939049062,95,1.2159025102595877,durham,"Durham, NC",409974.22291276447,416334.7074820108,95,-1.5277334449761635,"Durham-Chapel Hill, NC",4.0783221086458585,608879.0,"Durham-Chapel Hill, NC Metro Area",83500.0,6.036411868524683,"Durham, NC",0.04930289400873146,2.587907558375279,3.765452359009819,2.7609191441347445,7.5641453135008465
"Bakersfield, CA",1761.692434769421,1720.3813185916904,63,2.401276724601264,bakersfield,"Bakersfield, CA",363091.18358529016,364501.201639616,63,-0.3868349536251799,"Bakersfield-Delano, CA",0.8731551699396187,913820.0,"Bakersfield-Delano, CA Metro Area",70210.0,5.6459638860176575,"Bakersfield, CA",0.058223141108760056,2.272795790644662,3.9194172216154657,2.7001231182481362,6.032798839642838
"Raleigh, NC",1662.0049701027958,1659.1826465574172,43,0.17010324639270666,raleigh,"Raleigh, NC",436132.6376012933,446841.9026373772,43,-2.396656395220561,"Raleigh-Cary, NC",6.474702900621184,1509231.0,"Raleigh-Cary, NC Metro Area",100103.0,5.705395738776775,"Raleigh, NC",0.045729344519880095,2.616724354723189,3.670685146741148,2.685154428231858,8.102052133997336
"Riverside, CA",2492.866513946809,2448.034540006592,13,1.8313456451515626,riverside,"Riverside, CA",585180.6156932806,593778.7719120906,13,-1.44804035198533,"Riverside-San Bernardino-Ontario, CA",1.772952493756491,4688053.0,"Riverside-San Bernardino-Ontario, CA Metro Area",89662.0,6.6049748909771555,"Riverside, CA",0.0511199403485388,2.3542774693318145,3.6869842349684943,2.610612923065636,8.053015242962486
"Birmingham, AL",1406.9167294316028,1384.8255094986437,51,1.5952349073174519,birmingham,"Birmingham, AL",259032.550894902,255663.93351989324,51,1.3175958488281059,"Birmingham, AL",0.212730669771598,1184290.0,"Birmingham, AL Metro Area",71498.0,4.473298783512125,"Birmingham, AL",0.06517713968708597,1.9135970052817874,4.0069205248918545,2.577190882558018,3.1557029346840193
"Boston, MA",3148.343094068694,3087.2312285189846,10,1.9795039964993526,boston,"Boston, MA",731138.5580115025,719664.3386156372,10,1.5943848791976283,"Boston-Cambridge-Newton, MA-NH",-0.2933122536053429,4919179.0,"Boston-Cambridge-Newton, MA-NH Metro Area",115863.0,5.104102280425837,"Boston, MA",0.05167299236901955,2.115425681494455,3.5032672480236196,2.5510058658637558,3.509717401228209
"Baton Rouge, LA",1361.240857011272,1330.830852997171,66,2.2850389999311016,baton rouge,"Baton Rouge, LA",245384.55691368552,244028.3291739169,66,0.5557665146336574,"Baton Rouge, LA",0.3878035496377053,873661.0,"Baton Rouge, LA Metro Area",69599.0,3.3903121621316368,"Baton Rouge, LA",0.06656853426143314,1.7411939308483975,3.9606338999829234,2.4365642091848723,2.834545647497979
"Stockton, CA",2395.9998993430813,2358.985678067368,77,1.5690735903932083,stockton,"Stockton, CA",532709.7845811122,555057.2187232263,77,-4.026149627153566,"Stockton-Lodi, CA",2.6066560169711908,800965.0,"Stockton-Lodi, CA Metro Area",92179.0,7.4251765299154115,"Stockton, CA",0.053973100596839324,2.1734502884088998,3.7663104847343845,2.4030014904974992,11.451326157068976
"Orlando, FL",1937.2623204892773,1938.1784745570292,22,-0.04726881862421319,orlando,"Orlando, FL",385990.816002782,400792.0550782831,22,-3.692997126055831,"Orlando-Kissimmee-Sanford, FL",5.127493433106099,2817933.0,"Orlando-Kissimmee-Sanford, FL Metro Area",78533.0,6.1146815635548135,"Orlando, FL",0.060227204591582234,2.057763678366798,4.020160420721122,2.4014264383386967,9.807678689610645
"Atlanta, GA",1811.3570402502407,1789.824751198902,9,1.2030389588095391,atlanta,"Atlanta, GA",379509.1149501,389072.079516484,9,-2.4578902136252667,"Atlanta-Sandy Springs-Roswell, GA",3.045525220439191,6307261.0,"Atlanta-Sandy Springs-Roswell, GA Metro Area",89724.0,5.603239131750493,"Atlanta, GA",0.057274736302080374,2.031524732965229,3.8093446088809735,2.398055611946474,8.06112934537576
"Albuquerque, NM",1488.904571167752,1476.18162466859,62,0.8618821889222675,albuquerque,"Albuquerque, NM",348859.6422167218,345859.66721302475,62,0.8673966027525456,"Albuquerque, NM",0.5140701781535977,922296.0,"Albuquerque, NM Metro Area",70783.0,5.533734426656722,"Albuquerque, NM",0.051215023728407125,1.9439951284297694,3.4278687471134637,2.3667361446692468,4.666337823904176
"Nashville, TN",1784.0805485402277,1787.55171520199,37,-0.1941855238224545,nashville,"Nashville, TN",453872.5632779766,457534.4930027733,37,-0.8003614548847876,"Nashville-Davidson--Murfreesboro--Franklin, TN",3.997983918834432,2102573.0,"Nashville-Davidson--Murfreesboro--Franklin, TN Metro Area",85447.0,5.190157614574709,"Nashville, TN",0.047169554440264105,2.0787074352285915,3.3916872057614094,2.3365529513532186,5.990519069459496
"Baltimore, MD",1868.3969815282571,1829.1031465158403,20,2.1482569251092003,baltimore,"Baltimore, MD",399959.8141579682,396624.7585516088,20,0.8408591582982292,"Baltimore-Columbia-Towson, MD",-0.2938084925851348,2834316.0,"Baltimore-Columbia-Towson, MD Metro Area",99470.0,4.040521581642631,"Baltimore, MD",0.05605754124459058,1.74932718145678,3.4909207739614034,2.295441799417304,3.1996624233444018
"Urban Honolulu, HI",2843.492464886101,2707.551437441576,55,5.020810521442154,urban honolulu,"Urban Honolulu, HI",854778.1361276697,855433.6037534798,55,-0.0766240211904231,"Urban Honolulu, HI",-2.270942582914444,989408.0,"Urban Honolulu, HI Metro Area",106195.0,4.343565298287078,"Urban Honolulu, HI",0.03991902475794814,2.00907403103772,2.8527086975108418,2.2531877405662026,4.420189319477501
"Phoenix, AZ",1735.3804459866071,1749.5068395213116,11,-0.8074500319512679,phoenix,"Phoenix, AZ",448160.22660581255,457455.2284921096,11,-2.031893244927115,"Phoenix-Mesa-Chandler, AZ",3.9970085612090136,5070110.0,"Phoenix-Mesa-Chandler, AZ Metro Area",88301.0,6.6881203776981035,"Phoenix, AZ",0.04646678601882248,2.0226685761559757,3.369467882397678,2.2257864210905205,8.720013622625219
"Dallas, TX",1644.5378592547602,1645.967036014605,4,-0.08682900256041585,dallas,"Dallas, TX",364734.092138038,378767.5988103248,4,-3.705044126362648,"Dallas-Fort Worth-Arlington, TX",5.656083453837242,8100037.0,"Dallas-Fort Worth-Arlington, TX Metro Area",90275.0,5.134659615164483,"Dallas, TX",0.054106415430966566,1.930628241209777,3.6698713917234267,2.20702876935221,8.839703741527131
"Sacramento, CA",2224.7684610194187,2187.89507724812,26,1.6853360179262953,sacramento,"Sacramento, CA",580005.9658640631,591681.3726445754,26,-1.973259142556403,"Sacramento-Roseville-Folsom, CA",0.8574479725036656,2420608.0,"Sacramento-Roseville-Folsom, CA Metro Area",97188.0,6.100859056378982,"Sacramento, CA",0.04602921884167324,1.8505257340872698,3.170535390640997,2.1087818643719216,8.074118198935386
"Houston, TX",1609.765182409726,1623.7936033613594,5,-0.8639288221479335,houston,"Houston, TX",307492.5203130558,314009.8496935001,5,-2.0755174994688126,"Houston-Pasadena-The Woodlands, TX",4.764167899917461,7510253.0,"Houston-Pasadena-The Woodlands, TX Metro Area",82168.0,4.006193577242323,"Houston, TX",0.0628216327644329,1.5183082227518034,3.805386622704377,2.0653110814677045,6.0817110767111355
"Tucson, AZ",1448.4734039794378,1435.6310828317162,54,0.89454187090953,tucson,"Tucson, AZ",342047.4253900656,349267.5327489251,54,-2.0672140069915286,"Tucson, AZ",1.7209558207955604,1063162.0,"Tucson, AZ Metro Area",70315.0,5.666058895388515,"Tucson, AZ",0.050816581437300556,1.701673438920572,3.322258252043413,2.0498443311254,7.733272902380044
"San Antonio, TX",1391.1211384747246,1413.333631271095,24,-1.571638309943384,san antonio,"San Antonio, TX",279025.64630840253,285709.5397080288,24,-2.339401549719561,"San Antonio-New Braunfels, TX",5.274348011271835,2703999.0,"San Antonio-New Braunfels, TX Metro Area",76213.0,4.786049064153297,"San Antonio, TX",0.05982766775225275,1.5757274659293556,3.7316187087016797,2.0487045439390594,7.125450613872858
"San Francisco, CA",3161.3807288755456,2972.080692372431,12,6.369276479906342,san francisco,"San Francisco, CA",1143246.4124088008,1165461.9823764674,12,-1.9061599866490169,"San Francisco-Oakland-Fremont, CA",-3.6676427247672247,4566961.0,"San Francisco-Oakland-Fremont, CA Metro Area",136027.0,5.109838253638999,"San Francisco, CA",0.03318319509665011,1.8900998288600428,2.4743485820010704,1.9972741548708886,7.015998240288015
"Memphis, TN",1434.5016418436462,1422.219277159152,44,0.8636055551875228,memphis,"Memphis, TN",244084.2495570482,244488.3010284272,44,-0.16526413316276575,"Memphis, TN-MS-AR",-0.779840911859703,1335674.0,"Memphis, TN-MS-AR Metro Area",66401.0,4.529266909754237,"Memphis, TN",0.07052490987584364,1.1633853393973372,3.849049264058996,1.9906074098808888,4.694531042917003
"Tampa, FL",1987.88369408026,2020.143271877172,18,-1.5968955393414026,tampa,"Tampa, FL",357964.9006054096,373971.08425082994,18,-4.280059159516378,"Tampa-St. Petersburg-Clearwater, FL",4.866479621861656,3342963.0,"Tampa-St. Petersburg-Clearwater, FL Metro Area",74392.0,6.116711790610507,"Tampa, FL",0.06663950652317846,1.4107173594123446,3.978716258561007,1.9409951636034832,10.396770950126886
"San Jose, CA",3469.705654404029,3310.0220051244028,36,4.824247362477112,san jose,"San Jose, CA",1636392.733218131,1662648.5664433823,36,-1.5791571204620825,"San Jose-Sunnyvale-Santa Clara, CA",-2.501931654989883,1945767.0,"San Jose-Sunnyvale-Santa Clara, CA Metro Area",162111.0,5.7671689347450705,"San Jose, CA",0.02544405570108225,1.9477521045895139,2.200489490837338,1.924938707994133,7.346326055207153
"Salt Lake City, UT",1607.0705085301731,1617.1467752151314,48,-0.6230891864232774,salt lake city,"Salt Lake City, UT",564834.9693100314,555496.6443575026,48,1.6810767530971653,"Salt Lake City-Murray, UT",0.5971414017509589,1267864.0,"Salt Lake City-Murray, UT Metro Area",98083.0,5.557639832189043,"Salt Lake City, UT",0.03414244363432259,1.6879839031774504,2.5342714459817417,1.9235359553164528,3.876563079091878
"Colorado Springs, CO",1732.7706345761244,1722.1572833197592,80,0.6162823430335038,colorado springs,"Colorado Springs, CO",455896.75016037625,465685.370682397,80,-2.1019815390972827,"Colorado Springs, CO",1.5458416542513287,768832.0,"Colorado Springs, CO Metro Area",90144.0,5.5874874049716805,"Colorado Springs, CO",0.04560955437299959,1.5478206598963469,3.004673503213731,1.844483405378515,7.689468944068963
"Seattle, WA",2191.5748041286133,2158.428352974352,15,1.5356753032170327,seattle,"Seattle, WA",751552.4489106666,764904.5848698043,15,-1.7455949700458895,"Seattle-Tacoma-Bellevue, WA",0.4228855227314933,4044837.0,"Seattle-Tacoma-Bellevue, WA Metro Area",115177.0,5.806704408020091,"Seattle, WA",0.0349927642277823,1.668981079643828,2.5649046783409073,1.8056092813621318,7.552299378065981
"Miami, FL",2665.174338661885,2647.2938781176567,8,0.675424088425804,miami,"Miami, FL",472936.5813361502,492358.24701808766,8,-3.9446207714733346,"Miami-Fort Lauderdale-West Palm Beach, FL",0.8125066745579304,6183199.0,"Miami-Fort Lauderdale-West Palm Beach, FL Metro Area",76527.0,6.152813456890849,"Miami, FL",0.06762448354827227,1.155033105095269,3.7947513155061063,1.7873631473256237,10.097434228364182
"Las Vegas, NV",1726.839913721102,1732.935835731475,30,-0.35176847778670867,las vegas,"Las Vegas, NV",431014.880522162,442068.92923249374,30,-2.5005260445522426,"Las Vegas-Henderson-North Las Vegas, NV",2.7116072138967784,2336573.0,"Las Vegas-Henderson-North Las Vegas, NV Metro Area",76472.0,5.203692044503461,"Las Vegas, NV",0.04807740962341956,1.3731890623535987,3.047960445690686,1.7161736676742154,7.704218089055703
"San Diego, CA",2889.899307467977,2849.5429720971288,17,1.4162388764099907,san diego,"San Diego, CA",941934.5225019474,959434.6492932856,17,-1.8240040428213329,"San Diego-Chula Vista-Carlsbad, CA",-0.768519265935888,3269973.0,"San Diego-Chula Vista-Carlsbad, CA Metro Area",106268.0,6.115072601034477,"San Diego, CA",0.03681656300005082,1.3967091881333777,2.4887637624464407,1.610818022558711,7.93907664385581
"Washington, DC",2346.928710141152,2349.4539706541805,6,-0.1074828681289482,washington,"Washington, DC",580334.5892207911,582599.5219459245,6,-0.3887632309701071,"Washington-Arlington-Alexandria, DC-VA-MD-WV",0.7134469837041642,6304975.0,"Washington-Arlington-Alexandria, DC-VA-MD-WV Metro Area",126684.0,4.074874354746227,"Washington, DC",0.04852915032948177,1.087082827979892,2.847061212277886,1.5809781594060464,4.463637585716334
"North Port, FL",2121.248724301508,2198.301525651306,73,-3.5051061217350012,north port,"North Port, FL",403900.23118370137,435176.6318452403,73,-7.187058856749829,"North Port-Bradenton-Sarasota, FL",8.62343887255089,910108.0,"North Port-Bradenton-Sarasota, FL Metro Area",80859.0,5.864578453839409,"North Port, FL",0.06302295152695937,1.1330607237271084,3.7647636137364833,1.5292594363987342,13.051637310589237
"Austin, TX",1579.0322709010477,1616.7172072333751,29,-2.3309541188601672,austin,"Austin, TX",427044.75210771296,454036.1427695214,29,-5.944766973212053,"Austin-Round Rock-San Marcos, TX",7.527384262228086,2473275.0,"Austin-Round Rock-San Marcos, TX Metro Area",100431.0,5.499782609739512,"Austin, TX",0.044370963832926914,1.3685520876914388,3.0066485881266205,1.4993059075299708,11.444549582951565
"New Orleans, LA",1610.2984904485918,1610.4403793932895,47,-0.00881056799824943,new orleans,"New Orleans, LA",256891.79305880444,251638.3757595082,47,2.087685267972383,"New Orleans-Metairie, LA",-4.288950054760808,962165.0,"New Orleans-Metairie, LA Metro Area",62655.0,3.370928867988443,"New Orleans, LA",0.07522070540011291,0.18538858650191048,3.454675506586727,1.3600407552421347,1.28324360001606
"Los Angeles, CA",2894.901157378155,2871.3437396936024,2,0.8204318193915137,los angeles,"Los Angeles, CA",967836.2013417816,970807.671657721,2,-0.3060822861922184,"Los Angeles-Long Beach-Anaheim, CA",-2.879277965924468,12799100.0,"Los Angeles-Long Beach-Anaheim, CA Metro Area",95958.0,5.621916931051429,"Los Angeles, CA",0.03589327805715153,0.8705728298607507,2.119049901630368,1.2308184614920998,5.927999217243648
"Oxnard, CA",2994.602869220374,2967.544135986065,71,0.9118224361410453,oxnard,"Oxnard, CA",885255.4550325364,894204.8449612545,71,-1.000821006411106,"Oxnard-Thousand Oaks-Ventura, CA",-1.6340376892257382,829590.0,"Oxnard-Thousand Oaks-Ventura, CA Metro Area",109797.0,4.494240856322507,"Oxnard, CA",0.04059306748843895,0.7884333213342845,2.2924097768243143,1.208728053498978,5.495061862733612
"Cape Coral, FL",1858.9009738860825,1941.2909761245603,78,-4.244083099945927,cape coral,"Cape Coral, FL",339951.87496223114,372788.7519208858,78,-8.808440917129227,"Cape Coral-Fort Myers, FL",9.016559401316966,834573.0,"Cape Coral-Fort Myers, FL Metro Area",76107.0,5.645566993665652,"Cape Coral, FL",0.0656175574531286,0.630618485336031,3.634652487933368,1.0939796823811254,14.454007910794878
"Denver, CO",1857.6390717759405,1880.9240005330196,19,-1.2379515998775383,denver,"Denver, CO",573362.9030812165,591916.8636447497,19,-3.1345551551423205,"Denver-Aurora-Centennial, CO",1.1788079871547235,3005131.0,"Denver-Aurora-Centennial, CO Metro Area",105762.0,5.831148498332528,"Denver, CO",0.03887881260108955,0.7541926103800871,2.3018917843762545,1.0487745551159449,8.965703653474849
