market,rent_latest,rent_12mo_ago,rent_growth_pct,score
"Indiana, PA",939.7222222222222,683.9290358477966,37.4005449348038,37.4005449348038
"Abilene, TX",1771.3613223902432,1295.0882974816689,36.775332294693655,36.775332294693655
"Monroe, LA",1136.1126651126651,880.1194089064778,29.086195988366093,29.086195988366093
"Freeport, IL",911.690476190476,722.0700988607263,26.26066051328404,26.26066051328404
"Mount Pleasant, MI",1140.4166666666667,964.7707122046857,18.20597912436588,18.20597912436588
"New Castle, PA",1141.148148148148,967.3889134405524,17.96167314855975,17.96167314855975
"Winona, MN",1237.0555555555557,1052.1159962902314,17.577867831819166,17.577867831819166
"Ocean City, NJ",2358.8888888888887,2045.51995459268,15.319769117510717,15.319769117510717
"Lima, OH",1154.9735449735451,1005.8930611825696,14.820709033991184,14.820709033991184
"Oneonta, NY",1409.638888888889,1240.0716338146667,13.673988699556421,13.673988699556421
"Jamestown, NY",1076.6666666666667,957.6521069077972,12.42774478334941,12.42774478334941
"Pittsburg, KS",949.2708333333334,848.402882632248,11.88915699910558,11.88915699910558
"Austin, MN",983.5555555555557,880.1206610279057,11.752353865530985,11.752353865530985
"Greeneville, TN",997.2222222222222,893.842172951904,11.565805731554006,11.565805731554006
"Sedalia, MO",966.3333333333334,867.0526710212768,11.45036116377068,11.45036116377068
"Muskogee, OK",1218.0555555555554,1098.8822331496344,10.844958523384662,10.844958523384662
"Dyersburg, TN",836.1111111111112,755.2858502969589,10.701280949772054,10.701280949772054
"Bluefield, WV",859.1666666666666,777.2218341513229,10.54330036994165,10.54330036994165
"Jefferson City, MO",987.1085858585858,893.0635694756555,10.530607181541054,10.530607181541054
"Butte, MT",1302.2222222222224,1178.9494693110453,10.456152372943963,10.456152372943963
"Fond du Lac, WI",1151.8333333333333,1043.002637249274,10.434364420312507,10.434364420312507
"Springfield, OH",1198.0185185185185,1084.9177606810515,10.42482314663819,10.42482314663819
"Beaver Dam, WI",1257.0416666666667,1138.8798192106692,10.37526923059298,10.37526923059298
"Quincy, IL",1004.3055555555557,909.964660937712,10.367533890890451,10.367533890890451
"Tahlequah, OK",1046.3333333333333,949.231554514313,10.229514427457453,10.229514427457453
"Dixon, IL",1091.6666666666667,993.0480446723684,9.930901382202018,9.930901382202018
"Rolla, MO",844.9265350877193,769.869886990075,9.749264046563752,9.749264046563752
"Steamboat Springs, CO",3234.444444444445,2950.369606239565,9.62844918155699,9.62844918155699
"Riverton, WY",1391.4,1269.7783119485605,9.57818281403806,9.57818281403806
"Fort Leonard Wood, MO",1101.293183940243,1005.584885087614,9.517674765396865,9.517674765396865
"Cedar Rapids, IA",1230.5472921584053,1123.6614003768032,9.512286507818061,9.512286507818061
"Muskegon, MI",1138.1818181818182,1040.5915396817695,9.378346332692027,9.378346332692027
"Baraboo, WI",1137.1444444444444,1040.7675553469865,9.26017424374133,9.26017424374133
"Lake Charles, LA",1147.1118401624217,1050.2205560862776,9.22580342906412,9.22580342906412
"Fort Polk South, LA",1368.3333333333333,1255.6657402507217,8.97273768575664,8.97273768575664
"Elko, NV",1639.6166666666668,1504.69860757623,8.966450717181361,8.966450717181361
"Weirton, WV",858.2962962962962,788.0211743989814,8.917923043237149,8.917923043237149
"Bismarck, ND",1280.1403726708074,1175.9027446312898,8.864476974428856,8.864476974428856
"Moscow, ID",1183.076388888889,1086.9196327412722,8.846721804546306,8.846721804546306
"Binghamton, NY",1279.5095068330363,1176.208651800847,8.782528072211452,8.782528072211452
"Pittsfield, MA",1577.888888888889,1451.044692896321,8.741577472667895,8.741577472667895
"Paducah, KY",1145.75,1054.794259976307,8.623078781802999,8.623078781802999
"Lock Haven, PA",938.3333333333334,865.2539626779184,8.44600242329292,8.44600242329292
"Thomasville, GA",1851.3888888888887,1708.4664740829246,8.365538157995308,8.365538157995308
"Altoona, PA",936.9166666666666,864.8747377798982,8.329752938754744,8.329752938754744
"Newport, OR",2054.111111111111,1898.1207738368416,8.218146043412823,8.218146043412823
"Richmond, IN",866.3888888888888,801.126756794286,8.14629289823618,8.14629289823618
"Ponca City, OK",817.9444444444445,757.2048235139687,8.021557581817923,8.021557581817923
"Lawrence, KS",1413.54885361552,1309.8978650315394,7.912906139555015,7.912906139555015
"Kearney, NE",1444.9166666666667,1339.2678891299577,7.888547048293884,7.888547048293884
"Grand Forks, ND",1180.7341454411223,1095.033661197397,7.82628765493964,7.82628765493964
"Cortland, NY",1186.9722222222224,1102.2054208015356,7.690653649574998,7.690653649574998
"Janesville, WI",1242.3553113553114,1153.913657878208,7.664494901614055,7.664494901614055
"El Centro, CA",1903.409523809524,1768.355081467074,7.6372920663877855,7.6372920663877855
"Big Rapids, MI",1104.5,1026.1450567973868,7.635854471409731,7.635854471409731
"Decatur, IL",1010.1851851851852,939.031465056699,7.577352067131211,7.577352067131211
"Whitewater, WI",1562.8333333333333,1454.8738957878604,7.420535749389426,7.420535749389426
"Kingsville, TX",1379.4166666666667,1284.79700410636,7.364561269826392,7.364561269826392
"Evansville, IN",1074.780262438799,1001.4472343917045,7.322705133999211,7.322705133999211
"Danville, IL",859.4708994708994,800.9018483241325,7.312887499176238,7.312887499176238
"Payson, AZ",2007.9166666666667,1871.4266753101072,7.293365706350335,7.293365706350335
"Coos Bay, OR",1706.5277777777776,1590.5911723175852,7.288900345854799,7.288900345854799
"Stillwater, OK",1426.1176046176045,1329.240967723092,7.288116996608696,7.288116996608696
"Joplin, MO",1271.9435185185189,1187.0263937830068,7.153768878287912,7.153768878287912
"Tupelo, MS",1223.4116809116808,1142.582355141284,7.0742669363559285,7.0742669363559285
"Orangeburg, SC",1328.2666666666669,1240.5958271924123,7.0668333354515696,7.0668333354515696
"Reno, NV",1908.0575057855804,1782.3496654568603,7.052928096266567,7.052928096266567
"Gaffney, SC",996.8888888888888,931.4534490265768,7.025089652166288,7.025089652166288
"Murray, KY",1134.5,1060.4786542235947,6.9799939377939015,6.9799939377939015
"Paragould, AR",1111.111111111111,1039.504400980814,6.88854323875237,6.88854323875237
"Johnstown, PA",840.1904761904761,786.3784384483698,6.8430204989196675,6.8430204989196675
"Rockford, IL",1233.557677043831,1155.208677598083,6.782237786566117,6.782237786566117
"Bay City, TX",865.1111111111112,810.2297604584796,6.773554037508596,6.773554037508596
"Ashland, OH",859.638888888889,805.235316232413,6.756232812915237,6.756232812915237
"Watertown, NY",1304.3064582476347,1221.7685515789212,6.755609035937924,6.755609035937924
"Atlantic City, NJ",2213.20126603365,2073.2195955837374,6.751897905465206,6.751897905465206
"Frankfort, KY",1158.224164724165,1086.068388123486,6.643759950084716,6.643759950084716
"Ruston, LA",1068.873015873016,1002.379369557735,6.633580891097041,6.633580891097041
"Mankato, MN",1425.2870370370372,1336.7837283871402,6.620615344912842,6.620615344912842
"Hobbs, NM",1371.0277777777776,1286.1725833829532,6.597496750524268,6.597496750524268
"Warrensburg, MO",1134.4305555555557,1064.2515989341166,6.5942072994511465,6.5942072994511465
"Sheboygan, WI",1036.7142857142856,972.91018572483,6.558066810855802,6.558066810855802
"Show Low, AZ",1838.809523809524,1725.6780766260938,6.555767771276074,6.555767771276074
"Wooster, OH",1331.6416666666669,1250.4897994652788,6.48960649147953,6.48960649147953
"Columbia, MO",1440.8838685541195,1353.4267358059872,6.4619037317930825,6.4619037317930825
"Bay City, MI",1194.25,1121.9268409694614,6.446334679723311,6.446334679723311
"Traverse City, MI",1880.5,1767.0967538127488,6.41748936172105,6.41748936172105
"Albany, GA",1085.928571428571,1020.4559318553132,6.416018323713464,6.416018323713464
"San Francisco, CA",3161.3807288755456,2972.080692372431,6.369276479906342,6.369276479906342
"Russellville, AR",858.0158730158731,806.7578861325773,6.3535774194926775,6.3535774194926775
"Battle Creek, MI",1170.5375816993462,1101.4104152105308,6.27624049438483,6.27624049438483
"Warsaw, IN",1134.1666666666667,1067.236067933702,6.27139587425586,6.27139587425586
"Carlsbad, NM",1718.9537037037037,1617.786843503365,6.25341098591573,6.25341098591573
"Syracuse, NY",1619.196972641321,1524.2607668913522,6.2283441135591335,6.2283441135591335
"Charleston, WV",1065.2010796221325,1002.8014107292591,6.2225350129388985,6.2225350129388985
"Dothan, AL",1193.0599816849815,1123.9264916267828,6.151068648460649,6.151068648460649
"Bangor, ME",1522.9514492753624,1434.7862583332587,6.1448310108937125,6.1448310108937125
"Springfield, IL",1176.8147297297298,1108.8429063417784,6.129977745197432,6.129977745197432
"Auburn, AL",1710.7924663299664,1612.1194600977733,6.120700647469925,6.120700647469925
"Georgetown, SC",1935.1833333333332,1823.5866214565729,6.119627692136909,6.119627692136909
"Vernal, UT",1443.611111111111,1360.554490430514,6.104615527329286,6.104615527329286
"San Angelo, TX",1274.7273982056593,1201.4106871632216,6.102551927147704,6.102551927147704
"La Grande, OR",1192.5277777777776,1124.3783785235523,6.061073438971127,6.061073438971127
"St. Joseph, MO",907.7166666666668,856.3568492330435,5.997478443667658,5.997478443667658
"Virginia Beach, VA",1819.3044546157373,1716.570034758375,5.984866202783465,5.984866202783465
"Elkhart, IN",1112.2509712509711,1049.510643655431,5.978055389416193,5.978055389416193
"Tullahoma, TN",1383.928571428571,1306.0917101359662,5.959524946720776,5.959524946720776
"Ardmore, OK",1156.547619047619,1091.622861447195,5.947544696375404,5.947544696375404
"Gulfport, MS",1405.6916025026032,1326.924603659852,5.936056850969555,5.936056850969555
"Owensboro, KY",1299.6031746031747,1227.4912665767347,5.8747389891862865,5.8747389891862865
"Montrose, CO",1891.4285714285716,1786.6035559692373,5.867279011569325,5.867279011569325
"Mansfield, OH",927.5238095238096,876.2828268001008,5.847539305411725,5.847539305411725
"Lufkin, TX",1295.5555555555557,1224.1037867453915,5.83706786825142,5.83706786825142
"Laconia, NH",1688.0952380952378,1595.7892793849842,5.784345082568064,5.784345082568064
"Oak Harbor, WA",2082.144385026738,1968.506609304594,5.77279116996657,5.77279116996657
"Athens, OH",1031.0666666666666,975.1027298763388,5.739286238838146,5.739286238838146
"East Stroudsburg, PA",1857.971802054155,1757.2108026519036,5.734144090748101,5.734144090748101
"Albemarle, NC",1493.0555555555557,1412.1231957939756,5.731253477220542,5.731253477220542
"Beaumont, TX",1280.5346185489352,1211.1304611090875,5.730526947220134,5.730526947220134
"Ukiah, CA",2149.444444444445,2034.4171852414145,5.654064468069296,5.654064468069296
"Vineland, NJ",1633.6805555555557,1546.648726682985,5.627123170962242,5.627123170962242
"Mountain Home, ID",1584.642857142857,1500.389445058474,5.615436203038579,5.615436203038579
"Manhattan, KS",1132.2270191878629,1072.0909975296242,5.609227369393794,5.609227369393794
"Salina, KS",1034.388888888889,979.4709361475642,5.606899675586794,5.606899675586794
"Greenwood, SC",1149.361111111111,1088.4525550322355,5.595885259056763,5.595885259056763
"Muncie, IN",962.2566137566138,911.3986294156988,5.580212949576217,5.580212949576217
"Anniston, AL",975.29477124183,923.8456666994692,5.569015085189258,5.569015085189258
"Wahpeton, ND",802.7777777777778,760.4399673719037,5.567541452640176,5.567541452640176
"Chicago, IL",2179.817593148377,2064.9745603312463,5.5614744618795,5.5614744618795
"Utica, NY",1368.8425925925928,1297.3217034089107,5.512964825590298,5.512964825590298
"Peoria, IL",1154.8483231707316,1094.5323897647647,5.510657699122995,5.510657699122995
"Clovis, NM",1251.9283912395367,1186.9481966527756,5.474560285782227,5.474560285782227
"Parkersburg, WV",926.0142857142858,878.3289779970064,5.429094213198322,5.429094213198322
"Cheyenne, WY",1434.2228594185583,1360.7324401845551,5.40079864811893,5.40079864811893
"Elmira, NY",1265.8333333333333,1201.116009375581,5.388099355315117,5.388099355315117
"Mount Vernon, WA",2167.748499025341,2056.998632461475,5.384051540731401,5.384051540731401
"Portales, NM",906.7460317460318,860.498004070461,5.374565362941139,5.374565362941139
"Staunton, VA",1481.7212301587304,1406.1768134422373,5.3723270071254285,5.3723270071254285
"Dalton, GA",1400.5601851851852,1329.1864193061826,5.369733307707034,5.369733307707034
"Lansing, MI",1259.4636309224545,1195.3719054020728,5.361655668059553,5.361655668059553
"Ontario, OR",1412.7722222222226,1341.1288420109588,5.342020689364785,5.342020689364785
"Hot Springs, AR",1161.8181818181818,1102.9342652043738,5.338841893981486,5.338841893981486
"Blackfoot, ID",1195.6666666666667,1135.171316161194,5.329182445346639,5.329182445346639
"Springfield, MA",1913.2097908931016,1816.5103200253984,5.323364794665805,5.323364794665805
"Lebanon, NH",2056.264912280701,1952.73191403379,5.3019565821015,5.3019565821015
"Ithaca, NY",1934.391402714932,1837.0634496612488,5.29801804459341,5.29801804459341
"Iowa City, IA",1356.8812925450154,1288.782122254122,5.2839940215639984,5.2839940215639984
"Wausau, WI",967.911111111111,919.833433355974,5.226780850933812,5.226780850933812
"Findlay, OH",1305.303571428571,1240.6202503507282,5.213788914017543,5.213788914017543
"Midland, MI",1396.388888888889,1327.3644326436429,5.200113438912447,5.200113438912447
"Minot, ND",1001.4215969215968,951.9947418465764,5.191925217900629,5.191925217900629
"Huntington, WV",1029.9333333333334,979.2696308912292,5.1736213238835305,5.1736213238835305
"Crawfordsville, IN",966.190476190476,918.9293286878328,5.143066613199608,5.143066613199608
"Dubuque, IA",1104.1836601307189,1050.243802301938,5.135936790158121,5.135936790158121
"Glens Falls, NY",1500.6944444444443,1427.40289509916,5.134608427440016,5.134608427440016
"Danville, VA",1211.0277777777776,1151.9504327512157,5.128462418774989,5.128462418774989
"Wheeling, WV",963.883597883598,917.7972317606868,5.021410451903396,5.021410451903396
"Urban Honolulu, HI",2843.492464886101,2707.551437441576,5.020810521442154,5.020810521442154
"Carbondale, IL",884.9210526315788,842.6189512397256,5.020312126805977,5.020312126805977
"Astoria, OR",1742.4563492063492,1659.2588698399138,5.014134977893008,5.014134977893008
"Farmington, NM",1314.111111111111,1251.5582034276338,4.998002291236964,4.998002291236964
"Hinesville, GA",1708.2893121693123,1627.1033633073828,4.989599965972928,4.989599965972928
"Hudson, NY",2131.904761904762,2031.075045966184,4.964352062659169,4.964352062659169
"Seneca, SC",1417.7380952380954,1351.0108293005185,4.939062255490931,4.939062255490931
"Wichita Falls, TX",1262.0021347248576,1202.7806953581962,4.923710498115768,4.923710498115768
"Tuscaloosa, AL",1518.4120448179274,1447.4130204267738,4.905235989256154,4.905235989256154
"Keene, NH",1867.81746031746,1780.7601296132275,4.888773578008002,4.888773578008002
"Providence, RI",2127.3318326062013,2028.3066831371468,4.882158614982916,4.882158614982916
"Topeka, KS",1183.1592510196515,1128.2803371617065,4.863943122149766,4.863943122149766
"Pottsville, PA",1188.7222222222224,1133.614171642038,4.861270435633364,4.861270435633364
"San Jose, CA",3469.705654404029,3310.0220051244028,4.824247362477112,4.824247362477112
"Redding, CA",1591.8018552127448,1518.568916811874,4.822496864654525,4.822496864654525
"Oxford, MS",2204.278048340548,2103.2438001685605,4.803734505904187,4.803734505904187
"Champaign, IL",1358.480866584755,1296.257806983412,4.800207124394916,4.800207124394916
"Wichita, KS",1173.0530754530755,1119.9885134151166,4.737955916722057,4.737955916722057
"Racine, WI",1394.4155982905984,1331.3774712752752,4.734804995231098,4.734804995231098
"Roanoke, VA",1381.9176562431278,1319.5782287505187,4.724193392584004,4.724193392584004
"Lexington, KY",1487.5371411457666,1420.6566779038117,4.707714698574286,4.707714698574286
"Clarksburg, WV",1083.0,1034.351238864877,4.703311535500404,4.703311535500404
"Ada, OK",1013.75,968.3589234493282,4.687422757358104,4.687422757358104
"Fort Wayne, IN",1187.430448264929,1134.2881796619374,4.685076469617282,4.685076469617282
"Lumberton, NC",1073.3333333333333,1025.326176006053,4.682135153740277,4.682135153740277
"Flint, MI",1082.7771384479718,1034.417201005703,4.675090224258769,4.675090224258769
"Florence, AL",1151.7765567765566,1100.541975844991,4.655395437527771,4.655395437527771
"Carson City, NV",1825.7301587301588,1744.643408870087,4.647754919303968,4.647754919303968
"Toledo, OH",1197.2019394255212,1144.0321224807883,4.6475807715465445,4.6475807715465445
"Palatka, FL",1334.111111111111,1274.8965055280296,4.644659807782305,4.644659807782305
"Casper, WY",1292.3777777777775,1235.13566225539,4.634480022855306,4.634480022855306
"Augusta, ME",1489.3236416361417,1423.508182961166,4.623468938412916,4.623468938412916
"Corvallis, OR",1966.9570494864613,1880.0590142436083,4.622090827176193,4.622090827176193
"Greenville, NC",1358.4469215969218,1298.619854703148,4.606973062755906,4.606973062755906
"Hickory, NC",1434.31673126615,1371.206652074306,4.602521370237936,4.602521370237936
"Cleveland, OH",1418.9251664691158,1356.874857160372,4.573031107570299,4.573031107570299
"Cullowhee, NC",1310.4166666666667,1253.3283461560827,4.5549373143655485,4.5549373143655485
"State College, PA",1641.3417508417508,1569.9387429934443,4.548139739016854,4.548139739016854
"Saginaw, MI",1004.717211906867,961.0414356952398,4.544629876445557,4.544629876445557
"Wilson, NC",1304.5555555555557,1248.0479488253227,4.527679147537447,4.527679147537447
"Cumberland, MD",1046.875,1001.6271939929612,4.51742986596236,4.51742986596236
"New Bern, NC",1550.9309523809525,1484.2993819248238,4.489092380387678,4.489092380387678
"Ottawa, IL",1092.2222222222224,1045.373334728904,4.481546059855042,4.481546059855042
"Sioux Falls, SD",1314.886494645556,1258.5977579371147,4.4723372780117225,4.4723372780117225
"Zanesville, OH",1008.8333333333334,965.7253414770074,4.463794207822628,4.463794207822628
"Morgantown, WV",1380.3769151385252,1321.5294850915673,4.452978969506719,4.452978969506719
"Cullman, AL",1402.0370370370372,1342.492586710684,4.4353652985337035,4.4353652985337035
"Kingsport, TN",1383.1203703703704,1324.5291530060952,4.42355060523199,4.42355060523199
"Houma, LA",1345.622807017544,1288.985490256642,4.393945252993132,4.393945252993132
"Akron, OH",1259.422335600907,1206.478946239395,4.3882563824704,4.3882563824704
"Valdosta, GA",1391.5102363624444,1333.213372503075,4.372658200233799,4.372658200233799
"Enterprise, AL",1436.228602552132,1376.2441707096905,4.358560284510365,4.358560284510365
"Sanford, NC",1688.2,1618.1606658385847,4.328330037927269,4.328330037927269
"Harrisonburg, VA",1724.958664021164,1653.7292887535657,4.307196815827373,4.307196815827373
"Fargo, ND",1140.2663711611597,1093.3275649505547,4.293206145655695,4.293206145655695
"Winston, NC",1508.340138181601,1446.363106137069,4.285025785126644,4.285025785126644
"Boise City, ID",1794.3527533235515,1720.9227722650546,4.266895774866722,4.266895774866722
"Jackson, MI",1147.1203703703704,1100.4948700012803,4.236775803328903,4.236775803328903
"Barnstable Town, MA",2755.5916666666667,2643.717260550447,4.231708427584513,4.231708427584513
"New York, NY",3337.13988779536,3202.101188402823,4.217190258746731,4.217190258746731
"Barre, VT",1612.777777777778,1547.606190142632,4.211122186655232,4.211122186655232
"Hagerstown, MD",1587.2218938388366,1523.767282190625,4.164324328908467,4.164324328908467
"Kankakee, IL",1415.0925925925928,1358.6156724543362,4.156946021109211,4.156946021109211
"Michigan City, IN",1192.9619047619046,1145.5791715381554,4.136137807056062,4.136137807056062
"Great Falls, MT",1310.4682539682542,1258.6360773084823,4.118122592720519,4.118122592720519
"Amarillo, TX",1299.3044563052429,1248.187102873066,4.095327800977554,4.095327800977554
"South Bend, IN",1390.9867387323527,1336.5511876005048,4.072836987977648,4.072836987977648
"Grand Rapids, MI",1619.7125847698917,1556.3294877804817,4.0726014309349186,4.0726014309349186
"Bemidji, MN",1469.2857142857144,1411.8041321980195,4.071498359917861,4.071498359917861
"Albany, NY",1643.1499277717587,1579.3864262873285,4.037232460856295,4.037232460856295
"Beckley, WV",1081.5833333333333,1039.7031604019974,4.028089413053538,4.028089413053538
"Billings, MT",1409.1715503875969,1354.6604618177153,4.023966898446077,4.023966898446077
"Starkville, MS",1505.7210144927535,1447.5158246592298,4.021039966677133,4.021039966677133
"Buffalo, NY",1373.7361692214224,1320.8858425132132,4.001127501499473,4.001127501499473
"Jackson, MS",1440.2537343620454,1384.855085679858,4.000320990624879,4.000320990624879
"Jackson, WY",3435.777777777778,3303.6929584972254,3.9980960985137917,3.9980960985137917
"Sioux City, IA",1182.1833333333334,1136.76009183012,3.9958511764856652,3.9958511764856652
"Williamsport, PA",1044.6435185185185,1004.5591414610049,3.9902456115441782,3.9902456115441782
"Niles, MI",1168.7896917896917,1123.9434255178503,3.99008217439225,3.99008217439225
"Morehead City, NC",1849.574458874459,1778.69671315769,3.9848134419128067,3.9848134419128067
"Scranton, PA",1319.5177453610552,1268.9673383371642,3.983586141005923,3.983586141005923
"Sandpoint, ID",2095.5,2015.499242200093,3.969277493380706,3.969277493380706
"Fernley, NV",1876.9814814814813,1805.4293130463147,3.963166429065895,3.963166429065895
"Gadsden, AL",1054.0,1013.8576030551876,3.9593722850078885,3.9593722850078885
"Rome, GA",1225.3102453102454,1178.7740939864775,3.947843065195637,3.947843065195637
"Pittsburgh, PA",1478.5450759029336,1422.435563740758,3.944608359946891,3.944608359946891
"Youngstown, OH",1042.4205600850762,1002.9436889557468,3.9361004574875262,3.9361004574875262
"Appleton, WI",1238.1558404558407,1191.4828312078066,3.9172204605518006,3.9172204605518006
"Grand Junction, CO",1731.8971291866028,1666.7725586576803,3.907225985371991,3.907225985371991
"Port Angeles, WA",2109.530555555556,2030.683426036774,3.8827878588966263,3.8827878588966263
"Logan, UT",1353.5773504273504,1303.13140057123,3.8711330134480226,3.8711330134480226
"Lynchburg, VA",1314.387962962963,1265.4585423203323,3.8665368328000853,3.8665368328000853
"York, PA",1360.823298855061,1310.6598439833149,3.827343540127924,3.827343540127924
"Mobile, AL",1301.942755847953,1254.1742094012986,3.8087648500966687,3.8087648500966687
"Torrington, CT",1827.2598930481283,1760.3375512590217,3.801676658050198,3.801676658050198
"Jacksonville, NC",1481.248361986348,1427.212692652812,3.7860978683631292,3.7860978683631292
"Jamestown, ND",890.3333333333334,857.8597757760245,3.7854155742333377,3.7854155742333377
"St. Louis, MO",1415.989568522473,1364.3489907178323,3.784997691644191,3.784997691644191
"Marquette, MI",1585.0416666666667,1527.284288488445,3.781704468091149,3.781704468091149
"Brownsville, TX",1445.64375,1393.3775697989674,3.7510421678865784,3.7510421678865784
"Tallahassee, FL",1527.1895701198027,1472.2369458479068,3.7325937531235533,3.7325937531235533
"Milledgeville, GA",1260.5,1215.1628301116032,3.7309543021681275,3.7309543021681275
"New Castle, IN",909.4444444444443,876.8309960207142,3.719468012848357,3.719468012848357
"Brookings, SD",1445.3430458430455,1393.6873830692512,3.7064024114242566,3.7064024114242566
"Marshalltown, IA",1024.138888888889,987.577413170224,3.7021376988867023,3.7021376988867023
"Stevens Point, WI",1285.024531024531,1239.433194086206,3.6784021241207743,3.6784021241207743
"Hattiesburg, MS",1348.9331501831502,1301.074605193913,3.6783859125514518,3.6783859125514518
"Cincinnati, OH",1549.064240175312,1494.5149922233306,3.6499632479986492,3.6499632479986492
"Shreveport, LA",1308.1173353020265,1262.2144917716407,3.6366912144984704,3.6366912144984704
"Bloomsburg, PA",1234.7420634920634,1191.4471083093651,3.6338126032411737,3.6338126032411737
"Milwaukee, WI",1503.898724650894,1451.1699191597063,3.633537657789944,3.633537657789944
"Minneapolis, MN",1681.2579918505862,1622.5171141739863,3.6203548895386857,3.6203548895386857
"Richmond, VA",1690.906071815458,1631.8941842261806,3.6161589495007584,3.6161589495007584
"Longview, TX",1143.438591900998,1103.5504366470136,3.6145294251506193,3.6145294251506193
"Portland, ME",2285.488988315208,2205.788197786154,3.6132567310427284,3.6132567310427284
"Breckenridge, CO",3323.742857142857,3209.1758785923157,3.569981293789206,3.569981293789206
"Allentown, PA",1809.255419192313,1747.1264248207658,3.556067465347898,3.556067465347898
"Olympia, WA",1991.351383421144,1923.114590973939,3.5482437067178267,3.5482437067178267
"Springfield, MO",1249.1105454755273,1206.7124017164283,3.5135251530349585,3.5135251530349585
"Omaha, NE",1411.7868121280287,1363.9563844700192,3.5067417259529576,3.5067417259529576
"Duluth, MN",1558.922251254614,1506.5510150873477,3.476233837606213,3.476233837606213
"Salisbury, MD",1898.683472242296,1834.9016472646165,3.4760350819218195,3.4760350819218195
"Bloomington, IL",1368.8549019607844,1323.0084071411038,3.4653215030394686,3.4653215030394686
"Elizabeth City, NC",1480.0857142857142,1430.5601499315967,3.4619700790970294,3.4619700790970294
"Branson, MO",1559.047619047619,1506.9368929274335,3.4580562971653857,3.4580562971653857
"Kingston, NY",2148.732051282051,2077.5277102996733,3.4273593863211027,3.4273593863211027
"Montgomery, AL",1375.623845517666,1330.176640835114,3.4166292872215234,3.4166292872215234
"Aberdeen, WA",1357.3809523809523,1312.75429147292,3.399467912457625,3.399467912457625
"Missoula, MT",1509.8238583410996,1460.320750214253,3.38987911522751,3.38987911522751
"Watertown, WI",1154.059523809524,1116.478225377188,3.3660574454678445,3.3660574454678445
"Philadelphia, PA",1868.832651986005,1808.0784217438331,3.360154599023219,3.360154599023219
"Columbus, MS",1321.607142857143,1278.6690082228156,3.358033576961856,3.358033576961856
"Anchorage, AK",1713.2040854450945,1658.0645547802335,3.3255358186080657,3.3255358186080657
"Gillette, WY",1191.920634920635,1153.583691532232,3.323291033828884,3.323291033828884
"Fort Smith, AR",988.0593084779132,956.6214371990563,3.2863440078141557,3.2863440078141557
"Ca-¦on City, CO",1387.361111111111,1343.284137759466,3.2812844366020326,3.2812844366020326
"Pocatello, ID",1112.0545454545454,1077.0985671764674,3.245383416460429,3.245383416460429
"Faribault, MN",1680.625,1627.893778631019,3.2392298601525185,3.2392298601525185
"Eugene, OR",1798.7417138925014,1742.3863526397213,3.234378022268226,3.234378022268226
"Decatur, AL",1140.0368455074338,1104.4352363715557,3.223512612006248,3.223512612006248
"Harrisburg, PA",1445.832280911996,1400.8093620467769,3.2140646746845194,3.2140646746845194
"Green Bay, WI",1121.957383665717,1087.02229557111,3.21383362944296,3.21383362944296
"Kansas City, MO",1503.3240640764095,1456.915110831978,3.185426034735102,3.185426034735102
"Rochester, NY",1533.5048992555078,1486.2245516305238,3.1812384994658522,3.1812384994658522
"Charlottesville, VA",2013.5781603024088,1951.6873742545768,3.1711424106266253,3.1711424106266253
"Lafayette, IN",1333.77094433788,1293.1131420709282,3.1441798048574596,3.1441798048574596
"Hutchinson, KS",824.9841269841269,799.8448509122927,3.1430190546529904,3.1430190546529904
"Daphne, AL",1662.732944011865,1612.065853318984,3.1429913727510304,3.1429913727510304
"Blacksburg, VA",1766.4521863799282,1712.710965223406,3.1377869499137705,3.1377869499137705
"Norfolk, NE",1239.4444444444443,1201.7451669142508,3.137044239336933,3.137044239336933
"Florence, SC",1336.136165577342,1295.7206356660597,3.1191546077759855,3.1191546077759855
"San Luis Obispo, CA",3095.1519844652835,3001.6908380209047,3.1136166743274667,3.1136166743274667
"Oshkosh, WI",1130.1149758454103,1096.0022146568515,3.1124719213491012,3.1124719213491012
"Shawnee, OK",1138.648148148148,1104.3349329278703,3.107138441170625,3.107138441170625
"Athens, GA",1757.8509577022248,1705.2523890320213,3.084503444094919,3.084503444094919
"Roswell, NM",1249.0,1211.8456954788537,3.0659270119753144,3.0659270119753144
"Dayton, OH",1320.887057708024,1281.6045026709917,3.0651074457965453,3.0651074457965453
"Fairmont, WV",1002.7777777777778,972.9619255507964,3.0644418290163378,3.0644418290163378
"Great Bend, KS",841.6666666666666,816.7782453382097,3.047145473145066,3.047145473145066
"Emporia, KS",845.8333333333334,820.884490598271,3.0392635042817475,3.0392635042817475
"Charleston, SC",1987.2381455613408,1928.6435620522395,3.0381240298623,3.0381240298623
"Richmond, KY",1045.8690476190477,1015.1005241542114,3.0310814281642577,3.0310814281642577
"Dover, DE",1762.8193615610496,1710.988858297511,3.0292718162473453,3.0292718162473453
"Norwich, CT",1883.3656299840509,1828.0102472314304,3.028176829777495,3.028176829777495
"Hanford, CA",1934.5820962663067,1877.758617956748,3.0261332721982312,3.0261332721982312
"Pullman, WA",1203.165611072015,1167.9396207663597,3.0160797424220753,3.0160797424220753
"Davenport, IA",940.7944361152756,913.3726290752852,3.0022584613415395,3.0022584613415395
"Greensboro, NC",1427.8279983059226,1386.423106511873,2.9864542504792086,2.9864542504792086
"Meridian, MS",1151.3333333333333,1117.991465268461,2.9823007688941408,2.9823007688941408
"Rexburg, ID",1217.0306915306917,1181.8372632589935,2.9778573891510227,2.9778573891510227
"Johnson City, TN",1399.4719065656566,1359.0743805275376,2.9724293693505026,2.9724293693505026
"Jackson, TN",1368.0772005772003,1328.816236058088,2.9545819394545756,2.9545819394545756
"Chico, CA",1613.740501370936,1567.6427272122044,2.9405790846686743,2.9405790846686743
"Twin Falls, ID",1640.238324175824,1593.7029838808387,2.9199506285460175,2.9199506285460175
"Visalia, CA",1713.221700024309,1664.7289572544023,2.912951238013223,2.912951238013223
"Waterloo, IA",1126.3148067737732,1094.4461417766795,2.911853199588184,2.911853199588184
"Fresno, CA",1999.3400980599752,1943.1569326398264,2.89133442988686,2.89133442988686
"Gainesville, FL",1645.3669423240035,1599.2873466791775,2.8812580641313428,2.8812580641313428
"Medford, OR",1729.33893557423,1681.0399641155257,2.8731602156833103,2.8731602156833103
"Sumter, SC",1429.2857142857144,1389.4168294819608,2.8694689712819024,2.8694689712819024
"Hartford, CT",1931.1910957081727,1877.5656516578413,2.856115524002135,2.856115524002135
"Madison, WI",1673.1994360400815,1626.7743083703388,2.853814904186082,2.853814904186082
"Fairbanks, AK",1850.8482905982908,1799.526713453729,2.8519486129807583,2.8519486129807583
"Oklahoma City, OK",1379.2916590501306,1341.4305311974058,2.8224441722620357,2.8224441722620357
"Cape Girardeau, MO",951.7464114832536,925.6503905224848,2.819209199062601,2.819209199062601
"Bend, OR",2154.104972014315,2095.392889208526,2.8019605825791416,2.8019605825791416
"Centralia, WA",1517.9629629629628,1476.621093982942,2.799761506081962,2.799761506081962
"Manchester, NH",2091.7696546193943,2034.8031806959104,2.799606097725927,2.799606097725927
"Canton, OH",1054.7807486631016,1026.098351056385,2.7952873695964606,2.7952873695964606
"Fayetteville, NC",1476.5484547178478,1436.7681888083782,2.7687323688912113,2.7687323688912113
"Ames, IA",1023.1515655907752,995.6791537041944,2.759163108354342,2.759163108354342
"Terre Haute, IN",938.7022946859904,913.5703022460524,2.7509642529042284,2.7509642529042284
"Fayetteville, AR",1605.66229250251,1562.8100757001082,2.7419977301595493,2.7419977301595493
"Fort Collins, CO",1970.8760910284495,1918.3785039902527,2.7365604300194732,2.7365604300194732
"Columbus, IN",1336.0198412698412,1300.4796747172718,2.7328505968611894,2.7328505968611894
"Pensacola, FL",1751.56855308347,1705.2083291396175,2.718742522636174,2.718742522636174
"The Dalles, OR",1654.1666666666667,1610.6706093064422,2.7004936396619312,2.7004936396619312
"College Station, TX",1562.67010399865,1521.6633383663498,2.694864533985868,2.694864533985868
"Laramie, WY",1150.0945896209057,1119.951110053231,2.691499592892219,2.691499592892219
"Cedar City, UT",1498.3333333333333,1459.495041134074,2.661077366119771,2.661077366119771
"Columbus, GA",1264.00315280956,1231.2823212279154,2.6574597082668525,2.6574597082668525
"Concord, NH",1985.0667735042732,1933.7907522657376,2.6515806417244328,2.6515806417244328
"La Crosse, WI",1159.0935960591132,1129.2513181447978,2.6426604454482407,2.6426604454482407
"California, MD",1815.9181286549708,1769.3000125147487,2.634833878397066,2.634833878397066
"Enid, OK",1199.5185185185185,1168.747373176927,2.6328311872862855,2.6328311872862855
"Las Cruces, NM",1399.514193548387,1363.7078614017382,2.6256600229497815,2.6256600229497815
"Bellingham, WA",2022.6780504737333,1970.9479042297817,2.624632854726163,2.624632854726163
"Yakima, WA",1223.876207729469,1192.6752714265722,2.616046215628913,2.616046215628913
"Eureka, CA",1512.9528478057891,1474.382894110111,2.616006591622706,2.616006591622706
"Huntsville, AL",1374.0928940195606,1339.0918764731034,2.6137876094538632,2.6137876094538632
"Hilo, HI",2622.6612685560053,2555.9835528908657,2.6086911079582618,2.6086911079582618
"Klamath Falls, OR",1268.2900641025642,1236.1742301527606,2.598002220595947,2.598002220595947
"Indianapolis, IN",1513.5063950599276,1475.2721367167603,2.5916749453601295,2.5916749453601295
"Winchester, VA",1867.816207184628,1820.6645151808004,2.589806722253009,2.589806722253009
"Columbia, SC",1550.5894812573854,1511.5777234273182,2.5808635060863923,2.5808635060863923
"Little Rock, AR",1209.303280750517,1178.9404647568429,2.575432509218048,2.575432509218048
"Rapid City, SD",1351.8535714285715,1318.004918853129,2.568173463638972,2.568173463638972
"Shelby, NC",1238.1851851851852,1207.624448966864,2.530649014639129,2.530649014639129
"Prineville, OR",1585.5,1546.5148121754216,2.5208415410997214,2.5208415410997214
"Kapaa, HI",3571.944444444444,3484.4181402965214,2.5119345791396337,2.5119345791396337
"Erie, PA",1080.463888888889,1054.0765279953275,2.5033629146211673,2.5033629146211673
"Clearlake, CA",1665.1216931216932,1625.055435828168,2.465531723421271,2.465531723421271
"Lebanon, PA",1379.016865079365,1345.850812476257,2.4643186522349505,2.4643186522349505
"Lancaster, PA",1516.519266985204,1480.2341731506222,2.451307670957928,2.451307670957928
"Coeur d'Alene, ID",1724.7323351438918,1683.53861114791,2.446853533575577,2.446853533575577
"Kalamazoo, MI",1303.8291787935857,1273.0098192826324,2.4209836439691124,2.4209836439691124
"Midland, TX",1601.2969984759538,1563.5433581210248,2.414620621733138,2.414620621733138
"Kirksville, MO",816.3636363636364,797.177439576622,2.40676615198796,2.40676615198796
"Bakersfield, CA",1761.692434769421,1720.3813185916904,2.401276724601264,2.401276724601264
"New Haven, CT",2088.849338798614,2040.336147913923,2.377705797855508,2.377705797855508
"LaGrange, GA",1304.88004101162,1274.586208770743,2.3767582006158277,2.3767582006158277
"Louisville, KY",1371.3713558427746,1339.5813408503898,2.3731306209598277,2.3731306209598277
"Tulsa, OK",1350.049102641662,1318.777549271087,2.3712530887304983,2.3712530887304983
"Athens, TN",1174.1746031746031,1147.1276049849482,2.357802050279298,2.357802050279298
"Williston, ND",1305.834821428571,1275.8770840894183,2.348011239698169,2.348011239698169
"Detroit, MI",1473.3170913555934,1439.8213597439849,2.326381073938537,2.326381073938537
"Poughkeepsie, NY",2198.293045200373,2148.9062713914027,2.298228380942489,2.298228380942489
"Baton Rouge, LA",1361.240857011272,1330.830852997171,2.2850389999311016,2.2850389999311016
"Worcester, MA",2139.527678119612,2091.8372984660277,2.2798321690007337,2.2798321690007337
"Lawton, OK",1132.4985719335452,1107.8139557957777,2.228227583577948,2.228227583577948
"Jonesboro, AR",1357.052801519468,1327.565154078687,2.221182693006498,2.221182693006498
"Chambersburg, PA",1222.4199346405228,1195.8977391544606,2.2177644975576465,2.2177644975576465
"Gettysburg, PA",1211.0185185185185,1184.806696986319,2.212328947740767,2.212328947740767
"Lafayette, LA",1331.8831989477897,1303.0625159924325,2.2117651763934645,2.2117651763934645
"Elizabethtown, KY",1253.8507936507938,1227.317859748282,2.1618632607492234,2.1618632607492234
"Lincoln, NE",1310.8469381555303,1283.185752413334,2.1556649682380646,2.1556649682380646
"Provo, UT",1742.6751761644548,1705.9874827382655,2.1505253583280814,2.1505253583280814
"Longview, WA",1455.044289044289,1424.427743349505,2.1493926833234793,2.1493926833234793
"Baltimore, MD",1868.3969815282571,1829.1031465158403,2.1482569251092003,2.1482569251092003
"Roseburg, OR",1320.9814814814815,1293.284979107875,2.1415622094916755,2.1415622094916755
"Idaho Falls, ID",1393.7584795321636,1364.573292859366,2.1387775083625047,2.1387775083625047
"Rochester, MN",1656.5604777389506,1622.164448106861,2.120378712049275,2.120378712049275
"Pueblo, CO",1299.4526124338624,1272.6333831888653,2.1073806171731566,2.1073806171731566
"Alexandria, LA",1044.8714285714286,1023.3728434672206,2.1007578265776634,2.1007578265776634
"Kalispell, MT",2096.5119047619046,2053.6394731080027,2.0876318465489105,2.0876318465489105
"Santa Cruz, CA",3365.718746203945,3296.892347682334,2.087614373274736,2.087614373274736
"Granbury, TX",1658.548076923077,1624.7217233467932,2.081978291433454,2.081978291433454
"Bartlesville, OK",1161.2182539682535,1137.6190764150783,2.0744358144504833,2.0744358144504833
"Madera, CA",2279.2261904761904,2232.9064809917872,2.0744133208762667,2.0744133208762667
"Reading, PA",1478.108495789259,1448.2666986881911,2.06051807502706,2.06051807502706
"Port St. Lucie, FL",2330.95217067608,2284.167691715698,2.0482068426964437,2.0482068426964437
"Goldsboro, NC",1363.3562091503263,1336.1597010987064,2.035423462424187,2.035423462424187
"Walla Walla, WA",1533.0475113122177,1502.528643046713,2.0311671532344953,2.0311671532344953
"Menomonie, WI",1193.074074074074,1169.3381298781442,2.0298614737213128,2.0298614737213128
"Bridgeport, CT",2766.550759286882,2712.053542951267,2.009444705738038,2.009444705738038
"Morristown, TN",1461.150793650794,1432.4782222396786,2.001606095364282,2.001606095364282
"El Paso, TX",1472.7362460527977,1443.9599156515656,1.992875985636156,1.992875985636156
"Boston, MA",3148.343094068694,3087.2312285189846,1.9795039964993526,1.9795039964993526
"Santa Maria, CA",3351.567762234821,3287.371953577617,1.952800278269098,1.952800278269098
"The Villages, FL",1722.9985632183907,1690.0027742957666,1.9524103406501,1.9524103406501
"Spokane, WA",1520.2836228925346,1491.2035975380538,1.9501042917607818,1.9501042917607818
"Kerrville, TX",1780.3809523809523,1746.453360765735,1.9426566078089684,1.9426566078089684
"Searcy, AR",982.6984126984128,964.2080889204192,1.9176694315742957,1.9176694315742957
"Wilmington, NC",1675.113876301403,1643.6641223362287,1.9133929820450823,1.9133929820450823
"Burlington, VT",2100.886617183985,2061.5732417154795,1.9069599213361905,1.9069599213361905
"Ogden, UT",1640.7230184509788,1610.2378918394606,1.8932063868335218,1.8932063868335218
"Flagstaff, AZ",2204.97462585034,2164.075543929118,1.8899100835900309,1.8899100835900309
"Kennewick, WA",1685.8158551810236,1655.2471494370443,1.8467759182896546,1.8467759182896546
"Truckee, CA",2439.071759259259,2394.890875953308,1.8447973454475117,1.8447973454475117
United States,1910.4249941685807,1875.848731532796,1.8432329885966774,1.8432329885966774
"Des Moines, IA",1268.0793185967866,1245.2222559888194,1.8355809573783002,1.8355809573783002
"Hilton Head Island, SC",2081.9188589832065,2044.4511074082093,1.8326557890883406,1.8326557890883406
"Riverside, CA",2492.866513946809,2448.034540006592,1.8313456451515626,1.8313456451515626
"Albany, OR",1601.7744949494952,1573.185659495424,1.8172575678855731,1.8172575678855731
"Bloomington, IN",1443.52104978355,1417.888526090285,1.8077954099780118,1.8077954099780118
"Eau Claire, WI",1144.7198055983229,1124.8176411985737,1.7693680887278735,1.7693680887278735
"Dickinson, ND",1212.111111111111,1191.202791255767,1.7552275740810364,1.7552275740810364
"Warner Robins, GA",1563.1025910364144,1536.1925691033953,1.751734937028454,1.751734937028454
"Helena, MT",1625.719696969697,1598.0412851252938,1.7320210749269256,1.7320210749269256
"Burlington, NC",1400.3878205128203,1376.8598541870351,1.7088134463530609,1.7088134463530609
"Wisconsin Rapids, WI",962.0,945.8649838266743,1.7058477107428607,1.7058477107428607
"Columbus, OH",1513.553430555177,1488.2461322575805,1.7004780156362278,1.7004780156362278
"Sacramento, CA",2224.7684610194187,2187.89507724812,1.6853360179262953,1.6853360179262953
"Glenwood Springs, CO",3014.9966168091164,2965.553009782552,1.6672643133831437,1.6672643133831437
"Palm Bay, FL",1894.5301951360689,1864.098053817563,1.6325397291297377,1.6325397291297377
"Statesboro, GA",1506.0518518518518,1481.8812985760917,1.6310721580051695,1.6310721580051695
"Spartanburg, SC",1433.7663225341546,1410.830244347589,1.625714948942837,1.625714948942837
"Grants Pass, OR",1511.3333333333333,1487.4138247149958,1.6081273564147933,1.6081273564147933
"St. Cloud, MN",1222.9703081232494,1203.644588636841,1.6056001637738655,1.6056001637738655
"Nacogdoches, TX",1060.2896825396826,1043.5366989522406,1.605404352742247,1.605404352742247
"Birmingham, AL",1406.9167294316028,1384.8255094986437,1.5952349073174519,1.5952349073174519
"Texarkana, TX",1180.736111111111,1162.2206111233972,1.5931140620382596,1.5931140620382596
"Waco, TX",1412.9021246952282,1390.7775131403057,1.5908088350498426,1.5908088350498426
"Lubbock, TX",1383.7120741127198,1362.2209341487885,1.5776545070760144,1.5776545070760144
"Stockton, CA",2395.9998993430813,2358.985678067368,1.5690735903932083,1.5690735903932083
"Calhoun, GA",1582.2222222222224,1557.9007714502973,1.5611681576666496,1.5611681576666496
"Victoria, TX",1192.3842592592594,1174.0740022335283,1.5595488010890368,1.5595488010890368
"Seattle, WA",2191.5748041286133,2158.428352974352,1.5356753032170327,1.5356753032170327
"Modesto, CA",2039.181194511703,2008.459940803401,1.5295925541842457,1.5295925541842457
"Del Rio, TX",1475.0,1452.8045785842005,1.5277637297529425,1.5277637297529425
"Yuma, AZ",1376.1632078162886,1355.642342615852,1.5137374036900872,1.5137374036900872
"Ann Arbor, MI",2082.2235153230963,2051.482785927687,1.498463921134402,1.498463921134402
"Alamogordo, NM",1458.6161616161617,1437.1937732474264,1.4905706361592475,1.4905706361592475
"Merced, CA",1904.018107908352,1876.494336078487,1.466765515923929,1.466765515923929
"San Diego, CA",2889.899307467977,2849.5429720971288,1.4162388764099907,1.4162388764099907
"Santa Rosa, CA",2597.300337669441,2565.735205995858,1.2302567934453459,1.2302567934453459
"Durham, NC",1684.4096382150058,1664.1748939049062,1.2159025102595877,1.2159025102595877
"Atlanta, GA",1811.3570402502407,1789.824751198902,1.2030389588095391,1.2030389588095391
"Salem, OR",1641.5535505564137,1622.2114159577193,1.192331308263864,1.192331308263864
"Bowling Green, KY",1281.299836601307,1266.2230920209038,1.1906862760132344,1.1906862760132344
"Boulder, CO",2216.051028995665,2189.981452527208,1.190401701273452,1.190401701273452
"Sebastian, FL",2176.570545545546,2151.9653919091515,1.1433805454726884,1.1433805454726884
"Clarksville, TN",1336.8470265331746,1321.7612327298236,1.1413403139532527,1.1413403139532527
"Grand Island, NE",1279.2683566433568,1264.8421776368198,1.1405517037303683,1.1405517037303683
"Sierra Vista, AZ",1304.068640350877,1289.491102232991,1.1304876856181885,1.1304876856181885
"Sevierville, TN",1720.428846153846,1701.1995538721685,1.1303372516121921,1.1303372516121921
"Cleveland, TN",1407.3156565656566,1391.6136801714742,1.1283286890545332,1.1283286890545332
"Panama City, FL",1669.3504088389066,1650.7870851831071,1.1245135016149195,1.1245135016149195
"Pella, IA",932.5132275132274,922.2821431756444,1.109322609495065,1.109322609495065
"Augusta, GA",1442.6514676948427,1427.0770496609578,1.0913508865961448,1.0913508865961448
"Pahrump, NV",1432.8333333333333,1417.467832951891,1.084010516799057,1.084010516799057
"Huntsville, TX",1323.530303030303,1309.3819671024487,1.080535419253052,1.080535419253052
"Odessa, TX",1608.7372093023257,1591.8743715665562,1.0593070682565784,1.0593070682565784
"Lewiston, ME",1486.1519607843138,1471.2694688642198,1.0115408655616913,1.0115408655616913
"Salinas, CA",2813.360620893381,2786.093177040849,0.9786982028179504,0.9786982028179504
"Jefferson, GA",2044.593471479501,2025.6796870545256,0.9337006509887681,0.9337006509887681
"Oxnard, CA",2994.602869220374,2967.544135986065,0.9118224361410453,0.9118224361410453
"Tucson, AZ",1448.4734039794378,1435.6310828317162,0.89454187090953,0.89454187090953
"Portland, OR",1779.7496857583794,1764.333787534683,0.8737517998358509,0.8737517998358509
"Bremerton, WA",1983.1266059209604,1966.013397692968,0.8704522689455707,0.8704522689455707
"Red Bluff, CA",1424.25,1411.9983758858516,0.8676797596500098,0.8676797596500098
"Memphis, TN",1434.5016418436462,1422.219277159152,0.8636055551875228,0.8636055551875228
"Albuquerque, NM",1488.904571167752,1476.18162466859,0.8618821889222675,0.8618821889222675
"St. George, UT",1862.8191202406888,1847.098826616312,0.8510802669489395,0.8510802669489395
"Knoxville, TN",1730.9390785480855,1716.5398131076424,0.838854148938991,0.838854148938991
"Los Angeles, CA",2894.901157378155,2871.3437396936024,0.8204318193915137,0.8204318193915137
"Brunswick, GA",1640.821548821549,1627.7996777668643,0.7999676638681374,0.7999676638681374
"Prescott Valley, AZ",1844.964326484018,1830.765107909264,0.7755893158226911,0.7755893158226911
"Lake Havasu City, AZ",1488.9840579710144,1477.5978081567528,0.7705919534670643,0.7705919534670643
"Myrtle Beach, SC",1727.1881119348157,1714.4983077606116,0.7401467891081671,0.7401467891081671
"Heber, UT",2873.0922867513614,2852.9959614203394,0.7043937531904939,0.7043937531904939
"Yuba City, CA",1893.618769145085,1880.645750194356,0.6898172582150761,0.6898172582150761
"Albertville, AL",1561.111111111111,1550.599024261936,0.677937151042563,0.677937151042563
"Miami, FL",2665.174338661885,2647.2938781176567,0.675424088425804,0.675424088425804
"Naples, FL",2718.75558120325,2701.4251382655484,0.6415296390122711,0.6415296390122711
"Jacksonville, FL",1679.411866832154,1668.8709430993422,0.631620064834712,0.631620064834712
"Colorado Springs, CO",1732.7706345761244,1722.1572833197592,0.6162823430335038,0.6162823430335038
"Deltona, FL",1784.1658223017291,1773.835478131257,0.5823732977398263,0.5823732977398263
"Hammond, LA",1312.4953111679454,1305.0844961076984,0.5678417820722755,0.5678417820722755
"Edwards, CO",3586.9742063492067,3566.813588455327,0.5652276855491769,0.5652276855491769
"Brainerd, MN",1119.0,1112.9486294526637,0.5437241564610505,0.5437241564610505
"Chattanooga, TN",1523.5845585062775,1515.4557856151926,0.5363912935133983,0.5363912935133983
"Trenton, NJ",2539.8951857666143,2526.375139926022,0.535155908832621,0.535155908832621
"St. Marys, GA",1532.26455026455,1524.4458349671368,0.5128890196076952,0.5128890196076952
"Wenatchee, WA",1840.847624798712,1831.9780031673592,0.48415546562338163,0.48415546562338163
"Key West, FL",3502.2028985507245,3485.386970167377,0.48246947978175037,0.48246947978175037
"Gardnerville Ranchos, NV",2430.674603174603,2419.108245310032,0.4781248580750663,0.4781248580750663
"Charlotte, NC",1726.3878965136255,1718.475777584533,0.46041492305545484,0.46041492305545484
"Greenville, SC",1551.0590318388563,1544.1801900368553,0.4454688543722903,0.4454688543722903
"Ocala, FL",1616.3735243008498,1609.325477862959,0.437950342229719,0.437950342229719
"McAllen, TX",1103.028262080262,1098.3029693753344,0.43023581258412985,0.43023581258412985
"Asheville, NC",1737.985877307073,1730.89398270075,0.40972437810762596,0.40972437810762596
"Durango, CO",2056.959170653907,2049.178327464409,0.37970551831504123,0.37970551831504123
"Macon, GA",1208.612121212121,1204.2183752346086,0.36486289097328223,0.36486289097328223
"Jasper, AL",1007.5,1003.857224987006,0.3628777999820773,0.3628777999820773
"Durant, OK",1334.1666666666667,1329.6078572283711,0.3428687197892061,0.3428687197892061
"Rocky Mount, NC",1217.4882154882157,1213.3560067007263,0.3405602943134065,0.3405602943134065
"Vallejo, CA",2369.0364264264263,2361.559995503339,0.3165886506090543,0.3165886506090543
"Tyler, TX",1345.774991931739,1342.2212621409683,0.26476482611384594,0.26476482611384594
"Raleigh, NC",1662.0049701027958,1659.1826465574172,0.17010324639270666,0.17010324639270666
"Stephenville, TX",1524.423076923077,1522.6044874805773,0.11943938543809218,0.11943938543809218
"Hermiston, OR",1511.0915032679738,1509.52243291002,0.10394481882121608,0.10394481882121608
"Sebring, FL",1559.3842592592591,1557.834088477334,0.0995080794155856,0.0995080794155856
"New Orleans, LA",1610.2984904485918,1610.4403793932895,-0.00881056799824943,-0.00881056799824943
"Crestview, FL",1933.6755295114224,1934.0856314553407,-0.021203918650165732,-0.021203918650165732
"Gainesville, GA",1703.032555780933,1703.5268694111346,-0.029017072702375593,-0.029017072702375593
"Lakeland, FL",1834.1885554136516,1834.9261279309349,-0.04019630578343691,-0.04019630578343691
"Orlando, FL",1937.2623204892773,1938.1784745570292,-0.04726881862421319,-0.04726881862421319
"Dallas, TX",1644.5378592547602,1645.967036014605,-0.08682900256041585,-0.08682900256041585
"Ellensburg, WA",1556.713675213675,1558.079060171287,-0.08763258505392016,-0.08763258505392016
"Washington, DC",2346.928710141152,2349.4539706541805,-0.1074828681289482,-0.1074828681289482
"Monroe, MI",1162.975,1164.743508021178,-0.1518366927138085,-0.1518366927138085
"Nashville, TN",1784.0805485402277,1787.55171520199,-0.1941855238224545,-0.1941855238224545
"Savannah, GA",1770.1622162466704,1775.141484469325,-0.28049979487370974,-0.28049979487370974
"Las Vegas, NV",1726.839913721102,1732.935835731475,-0.35176847778670867,-0.35176847778670867
"Gainesville, TX",1431.6666666666667,1437.0298424421612,-0.3732125539146794,-0.3732125539146794
"Killeen, TX",1326.4843498114071,1331.8949378656137,-0.40623234613963594,-0.40623234613963594
"Santa Fe, NM",1930.5563063063064,1939.3411892305107,-0.4529828465969927,-0.4529828465969927
"Athens, TX",1351.957070707071,1359.888841905303,-0.583266143070866,-0.583266143070866
"Kahului, HI",3580.5734355044697,3601.596908019279,-0.5837264150243654,-0.5837264150243654
"Salt Lake City, UT",1607.0705085301731,1617.1467752151314,-0.6230891864232774,-0.6230891864232774
"Shelton, WA",1608.3333333333333,1618.9174554706876,-0.6537777513972829,-0.6537777513972829
"Pinehurst, NC",1825.457726957727,1837.9372009972385,-0.6789934951390303,-0.6789934951390303
"Holland, MI",1403.6666666666667,1413.3829120677754,-0.6874460783520984,-0.6874460783520984
"Kokomo, IN",1039.2708333333333,1047.496365448047,-0.7852563871374862,-0.7852563871374862
"Cookeville, TN",1490.3201058201057,1502.1717639587987,-0.7889682407196443,-0.7889682407196443
"Phoenix, AZ",1735.3804459866071,1749.5068395213116,-0.8074500319512679,-0.8074500319512679
"Moses Lake, WA",1530.9767195767197,1543.8164721584392,-0.8316890519873773,-0.8316890519873773
"Houston, TX",1609.765182409726,1623.7936033613594,-0.8639288221479335,-0.8639288221479335
"Bozeman, MT",2135.9228260869563,2154.915149843001,-0.8813490293308489,-0.8813490293308489
"Lake City, FL",1563.4166666666667,1577.4050151231522,-0.8867949779780162,-0.8867949779780162
"Corning, NY",1302.111111111111,1315.530832019915,-1.0200993076079161,-1.0200993076079161
"Homosassa Springs, FL",1702.6443785682916,1721.4853755115766,-1.0944616324542433,-1.0944616324542433
"Ozark, AL",1263.2063492063492,1278.0909914359488,-1.1645995730614294,-1.1645995730614294
"Sherman, TX",1465.661542828756,1483.7029826701762,-1.2159738203768788,-1.2159738203768788
"Denver, CO",1857.6390717759405,1880.9240005330196,-1.2379515998775383,-1.2379515998775383
"Corpus Christi, TX",1409.5205891855376,1428.1970044210711,-1.307691808463369,-1.307691808463369
"Napa, CA",2803.5320239938083,2846.3778051935337,-1.505273864964397,-1.505273864964397
"San Antonio, TX",1391.1211384747246,1413.333631271095,-1.571638309943384,-1.571638309943384
"Tampa, FL",1987.88369408026,2020.143271877172,-1.5968955393414026,-1.5968955393414026
"Laredo, TX",1329.8809523809523,1352.0426308758658,-1.6391257190283262,-1.6391257190283262
"Easton, MD",2255.0,2293.520688159774,-1.6795439587109888,-1.6795439587109888
"Greeley, CO",1698.0932894032835,1727.169952170527,-1.6834859088825056,-1.6834859088825056
"Fremont, NE",1145.095238095238,1165.2885898188997,-1.7329056424383193,-1.7329056424383193
"Talladega, AL",1300.8333333333333,1327.6726149729543,-2.021528601022458,-2.021528601022458
"Corsicana, TX",1284.6,1312.3186911721418,-2.112192058118446,-2.112192058118446
"Punta Gorda, FL",1860.9910035842292,1904.282350955822,-2.2733680932275324,-2.2733680932275324
"Austin, TX",1579.0322709010477,1616.7172072333751,-2.3309541188601672,-2.3309541188601672
"Rock Springs, WY",988.4722222222222,1014.9963366436406,-2.613222675180045,-2.613222675180045
"Hood River, OR",1952.7777777777776,2019.9745119436968,-3.326612973015187,-3.326612973015187
"North Port, FL",2121.248724301508,2198.301525651306,-3.5051061217350012,-3.5051061217350012
"Rockport, TX",1492.9166666666667,1556.447233473602,-4.081768108845607,-4.081768108845607
"Cape Coral, FL",1858.9009738860825,1941.2909761245603,-4.244083099945927,-4.244083099945927
